protein,Mutation,HGVSp_x,HGVSg_x,gnomAD genome allele frequency_x,gnomAD exome allele frequency_x,REVEL score_x,Mutation sources_x,"Stability (FoldX5, kcal/mol) [md]_x","Stability (Rosetta Cartddg2020, kcal/mol) [md]_x","Stability classification, (Rosetta, FoldX) [md]_1000ns","Stability (FoldX5, kcal/mol) [cabsflex]","Stability (Rosetta Cartddg2020, kcal/mol) [cabsflex]","Stability classification, (Rosetta, FoldX) [cabsflex]","Local Int. (Binding with SQSTM1_2ZJD, heterodimer, FoldX5, kcal/mol) [md]_x","Local Int. (Binding with OPTN_AFmulti, heterodimer, FoldX5, kcal/mol) [md]_x","Local Int. (Binding with SQSTM1_2ZJD, heterodimer, Rosetta Talaris 2014, kcal/mol) [md]_x","Local Int. (Binding with OPTN_AFmulti, heterodimer, Rosetta Talaris 2014, kcal/mol) [md]_x",Local Int. classification (SQSTM1_2ZJD) [md]_x,Local Int. classification (OPTN_AFmulti) [md]_x,Relative Side Chain Solvent Accessibility in wild-type (average) [md]_x,Relative Side Chain Solvent Accessibility in wild-type (standard deviation) [md]_x,Relative Side Chain Solvent Accessibility in wild-type (average) [cabsflex]_x,Relative Side Chain Solvent Accessibility in wild-type (standard deviation) [cabsflex]_x,PTMs [md]_x,is site part of phospho-SLiM [md]_x,PTM residue SASA (%) [md]_x,"Change in stability with PTM (FoldX5, kcal/mol) [md]_x","Change in binding with PTM (FoldX5, kcal/mol) [md]_x","Change in binding with mutation (FoldX5, kcal/mol) [md]_x",PTM effect in regulation [md]_x,PTM effect in stability [md]_x,PTM effect in function [md]_x,PTMs [cabsflex]_x,is site part of phospho-SLiM [cabsflex]_x,PTM residue SASA (%) [cabsflex]_x,"Change in stability with PTM (FoldX5, kcal/mol) [cabsflex]_x",PTM effect in regulation [cabsflex]_x,PTM effect in stability [cabsflex]_x,PTM effect in function [cabsflex]_x,AlloSigma2-PSN classification [md]_x,ClinVar Variation ID_x,ClinVar Interpretation_x,ClinVar Review Status_x,DeMaSk delta fitness_x,DeMaSk Shannon entropy_x,DeMaSk log2 variant frequency_x,DeMaSk predicted consequence_x,GEMME Score_x,GEMME Score (rank-normalized)_x,EVE score_x,EVE classification (25% Uncertain)_x,AlphaMissense pathogenicity score_x,AlphaMissense classification_x,References_x,Mut_res_x,Position_x,HGVSp_y,HGVSg_y,gnomAD genome allele frequency_y,gnomAD exome allele frequency_y,REVEL score_y,Mutation sources_y,"Stability (FoldX5, kcal/mol) [md]_y","Stability (Rosetta Cartddg2020, kcal/mol) [md]_y","Stability classification, (Rosetta, FoldX) [md]_clusters","Local Int. (Binding with SQSTM1_2ZJD, heterodimer, FoldX5, kcal/mol) [md]_y","Local Int. (Binding with OPTN_AFmulti, heterodimer, FoldX5, kcal/mol) [md]_y","Local Int. (Binding with SQSTM1_2ZJD, heterodimer, Rosetta Talaris 2014, kcal/mol) [md]_y","Local Int. (Binding with OPTN_AFmulti, heterodimer, Rosetta Talaris 2014, kcal/mol) [md]_y",Local Int. classification (OPTN_AFmulti) [md]_y,Local Int. classification (SQSTM1_2ZJD) [md]_y,Relative Side Chain Solvent Accessibility in wild-type (average) [md]_y,Relative Side Chain Solvent Accessibility in wild-type (standard deviation) [md]_y,Relative Side Chain Solvent Accessibility in wild-type (average) [cabsflex]_y,Relative Side Chain Solvent Accessibility in wild-type (standard deviation) [cabsflex]_y,PTMs [md]_y,is site part of phospho-SLiM [md]_y,PTM residue SASA (%) [md]_y,"Change in stability with PTM (FoldX5, kcal/mol) [md]_y","Change in binding with PTM (FoldX5, kcal/mol) [md]_y","Change in binding with mutation (FoldX5, kcal/mol) [md]_y",PTM effect in regulation [md]_y,PTM effect in stability [md]_y,PTM effect in function [md]_y,PTMs [cabsflex]_y,is site part of phospho-SLiM [cabsflex]_y,PTM residue SASA (%) [cabsflex]_y,"Change in stability with PTM (FoldX5, kcal/mol) [cabsflex]_y",PTM effect in regulation [cabsflex]_y,PTM effect in stability [cabsflex]_y,PTM effect in function [cabsflex]_y,AlloSigma2-PSN classification [md]_y,ClinVar Variation ID_y,ClinVar Interpretation_y,ClinVar Review Status_y,DeMaSk delta fitness_y,DeMaSk Shannon entropy_y,DeMaSk log2 variant frequency_y,DeMaSk predicted consequence_y,GEMME Score_y,GEMME Score (rank-normalized)_y,EVE score_y,EVE classification (25% Uncertain)_y,AlphaMissense pathogenicity score_y,AlphaMissense classification_y,References_y,Mut_res_y,Position_y
MAP1LC3B,P2R,NP_073729:p.Pro2Arg,,,,,"saturation,clinvar",0.74949,0.2062366666666666,Neutral,2.7756,0.6156466666666666,Uncertain,,-0.04692,,-0.1009899999999999,Uncertain,Neutral,75.506,18.849,59.26,24.894,,False,75.506,,,,neutral,neutral,neutral,,False,59.26,,neutral,neutral,neutral,uncertain,2358122.0,Uncertain significance,1.0,-0.2877,1.0966,-20.4972,loss_of_function,-0.0870209004324462,0.9487692645588652,,,0.3344,benign,https://doi.org/10.1101/2022.10.22.513328,R,2,NP_073729:p.Pro2Arg,,,,,"saturation,clinvar",0.39302,0.2062366666666666,Neutral,,-0.04692,,-0.1009899999999999,Neutral,Uncertain,75.506,18.849,59.26,24.894,,False,75.506,,,,neutral,neutral,neutral,,False,59.26,,neutral,neutral,neutral,uncertain,2358122.0,Uncertain significance,1.0,-0.2877,1.0966,-20.4972,loss_of_function,-0.0870209004324462,0.9487692645588652,,,0.3344,benign,https://doi.org/10.1101/2022.10.22.513328,R,2
MAP1LC3B,P2S,NP_073729:p.Pro2Ser,"hg19,16:g.87426037C>T",,4.05975966223e-05,0.055,"cBioPortal,saturation",0.8727,0.1938766666666666,Neutral,2.30055,0.5867366666666666,Uncertain,,0.08141,,0.0758733333333333,Uncertain,Neutral,75.506,18.849,59.26,24.894,,False,75.506,,,,neutral,neutral,neutral,,False,59.26,,neutral,neutral,neutral,uncertain,,,,-0.1355,1.0966,-4.4021,loss_of_function,-0.0158514740681543,0.9569325271164912,,,0.1607,benign,https://doi.org/10.1101/2022.10.22.513328,S,2,NP_073729:p.Pro2Ser,"hg19,16:g.87426037C>T",,4.05975966223e-05,0.055,"cBioPortal,saturation",0.67439,0.1938766666666666,Neutral,,0.08141,,0.0758733333333333,Neutral,Uncertain,75.506,18.849,59.26,24.894,,False,75.506,,,,neutral,neutral,neutral,,False,59.26,,neutral,neutral,neutral,uncertain,,,,-0.1355,1.0966,-4.4021,loss_of_function,-0.0158514740681543,0.9569325271164912,,,0.1607,benign,https://doi.org/10.1101/2022.10.22.513328,S,2
MAP1LC3B,S3L,NP_073729:p.Ser3Leu,"hg38,16:g.87392435C>T",,0.0012579161967554,0.227,"COSMIC,saturation",-0.30351,1.4057833333333332,Neutral,0.17685,2.8784600000000005,Uncertain,,-0.0419,,0.1679933333333333,Uncertain,Neutral,69.261,31.923,54.595,35.492,,False,69.261,,,,uncertain,,,,False,54.595,,uncertain,,,uncertain,,,,-0.1895,1.7538,-20.8652,loss_of_function,-0.344648109695008,0.9192189554073776,,,0.1884,benign,https://doi.org/10.1101/2022.10.22.513328,L,3,NP_073729:p.Ser3Leu,"hg38,16:g.87392435C>T",,0.0012579161967554,0.227,"COSMIC,saturation",-0.23072,1.4057833333333332,Neutral,,-0.0419,,0.1679933333333333,Neutral,Uncertain,69.261,31.923,54.595,35.492,,False,69.261,,,,uncertain,,,,False,54.595,,uncertain,,,uncertain,,,,-0.1895,1.7538,-20.8652,loss_of_function,-0.344648109695008,0.9192189554073776,,,0.1884,benign,https://doi.org/10.1101/2022.10.22.513328,L,3
MAP1LC3B,R11A,NP_073729:p.Arg11Ala,,,,,saturation,0.99048,0.1975066666666667,Neutral,-0.75029,0.22381,Neutral,0.29479,1.62237,0.12495,0.7620299999999999,Neutral,Uncertain,40.153,7.407,43.295,18.308,,True,40.153,,,,neutral,neutral,neutral,,True,43.295,,neutral,neutral,neutral,damaging,,,,-0.2626,1.5704,-21.6929,loss_of_function,-1.3927599051874,0.7989986274739425,0.8101784756184713,Pathogenic,0.9901,pathogenic,https://doi.org/10.1101/2022.10.22.513328,A,11,NP_073729:p.Arg11Ala,,,,,saturation,1.37657,0.1975066666666667,Neutral,0.29479,1.62237,0.12495,0.7620299999999999,Uncertain,Neutral,40.153,7.407,43.295,18.308,,True,40.153,,,,neutral,neutral,neutral,,True,43.295,,neutral,neutral,neutral,damaging,,,,-0.2626,1.5704,-21.6929,loss_of_function,-1.3927599051874,0.7989986274739425,0.8101784756184713,Pathogenic,0.9901,pathogenic,https://doi.org/10.1101/2022.10.22.513328,A,11
MAP1LC3B,R11L,NP_073729:p.Arg11Leu,"hg19,16:g.87426065G>T",,0.0,0.226,"cBioPortal,saturation,clinvar",-0.66729,-1.1216533333333334,Neutral,-0.16181,-0.5153066666666667,Neutral,0.02582,1.36816,-0.1953066666666666,0.7488866666666666,Neutral,Uncertain,40.153,7.407,43.295,18.308,,True,40.153,,,,neutral,neutral,neutral,,True,43.295,,neutral,neutral,neutral,damaging,2226367.0,Uncertain significance,1.0,-0.265,1.5704,-21.6929,loss_of_function,-0.611366828182102,0.8886258336236081,0.2590095863762651,Benign,0.9633,pathogenic,https://doi.org/10.1101/2022.10.22.513328,L,11,NP_073729:p.Arg11Leu,"hg19,16:g.87426065G>T",,0.0,0.226,"cBioPortal,saturation,clinvar",-0.43561,-1.1216533333333334,Neutral,0.02582,1.36816,-0.1953066666666666,0.7488866666666666,Uncertain,Neutral,40.153,7.407,43.295,18.308,,True,40.153,,,,neutral,neutral,neutral,,True,43.295,,neutral,neutral,neutral,damaging,2226367.0,Uncertain significance,1.0,-0.265,1.5704,-21.6929,loss_of_function,-0.611366828182102,0.8886258336236081,0.2590095863762651,Benign,0.9633,pathogenic,https://doi.org/10.1101/2022.10.22.513328,L,11
MAP1LC3B,D19Y,NP_073729:p.Asp19Tyr,"hg19,16:g.87432435G>T",,,0.524,"cBioPortal,saturation",-0.00152,0.2029466666666667,Neutral,-0.5196,-0.4655333333333333,Neutral,3.78,-0.69778,-0.3604199999999999,-0.6520033333333334,Uncertain,Neutral,27.86,10.887,54.27,10.785,,False,27.86,,,,neutral,neutral,neutral,,False,54.27,,neutral,neutral,neutral,damaging,,,,-0.2722,1.315,-22.1457,loss_of_function,-6.27166535682877,0.2393793045399828,0.8682288671672753,Pathogenic,0.9836,pathogenic,https://doi.org/10.1101/2022.10.22.513328,Y,19,NP_073729:p.Asp19Tyr,"hg19,16:g.87432435G>T",,,0.524,"cBioPortal,saturation",0.60969,0.2029466666666667,Neutral,3.78,-0.69778,-0.3604199999999999,-0.6520033333333334,Neutral,Uncertain,27.86,10.887,54.27,10.785,,False,27.86,,,,neutral,neutral,neutral,,False,54.27,,neutral,neutral,neutral,damaging,,,,-0.2722,1.315,-22.1457,loss_of_function,-6.27166535682877,0.2393793045399828,0.8682288671672753,Pathogenic,0.9836,pathogenic,https://doi.org/10.1101/2022.10.22.513328,Y,19
MAP1LC3B,R21G,NP_073729:p.Arg21Gly,"hg19,16:g.87432441C>G",,,0.125,"cBioPortal,saturation",1.39942,1.70068,Neutral,1.44461,2.6062366666666668,Uncertain,0.01716,-0.02286,-0.0068933333333333,0.0014599999999999,Neutral,Neutral,68.317,9.873,58.74,8.944,,False,68.317,,,,neutral,neutral,neutral,,False,58.74,,neutral,neutral,neutral,neutral,,,,-0.1245,2.6331,-6.8734,loss_of_function,-1.82255330045889,0.7497005438674232,0.006979648933374,Benign,0.291,benign,https://doi.org/10.1101/2022.10.22.513328,G,21,NP_073729:p.Arg21Gly,"hg19,16:g.87432441C>G",,,0.125,"cBioPortal,saturation",1.9929,1.70068,Neutral,0.01716,-0.02286,-0.0068933333333333,0.0014599999999999,Neutral,Neutral,68.317,9.873,58.74,8.944,,False,68.317,,,,neutral,neutral,neutral,,False,58.74,,neutral,neutral,neutral,neutral,,,,-0.1245,2.6331,-6.8734,loss_of_function,-1.82255330045889,0.7497005438674232,0.006979648933374,Benign,0.291,benign,https://doi.org/10.1101/2022.10.22.513328,G,21
MAP1LC3B,R21Q,NP_073729:p.Arg21Gln,"hg19,16:g.87432442G>A, hg38,16:g.87398836G>A",,7.9526657336e-06,0.066,"cBioPortal,COSMIC,saturation",0.46883,0.4833333333333333,Neutral,0.52037,0.5362833333333333,Neutral,0.02276,-0.01012,0.0196299999999999,0.0019766666666666,Neutral,Neutral,68.317,9.873,58.74,8.944,,False,68.317,,,,neutral,neutral,neutral,,False,58.74,,neutral,neutral,neutral,neutral,,,,-0.0402,2.6331,-2.2296,loss_of_function,0.152801172397797,0.9762772921999272,1.866236717272512e-06,Benign,0.091,benign,https://doi.org/10.1101/2022.10.22.513328,Q,21,NP_073729:p.Arg21Gln,"hg19,16:g.87432442G>A, hg38,16:g.87398836G>A",,7.9526657336e-06,0.066,"cBioPortal,COSMIC,saturation",0.79603,0.4833333333333333,Neutral,0.02276,-0.01012,0.0196299999999999,0.0019766666666666,Neutral,Neutral,68.317,9.873,58.74,8.944,,False,68.317,,,,neutral,neutral,neutral,,False,58.74,,neutral,neutral,neutral,neutral,,,,-0.0402,2.6331,-2.2296,loss_of_function,0.152801172397797,0.9762772921999272,1.866236717272512e-06,Benign,0.091,benign,https://doi.org/10.1101/2022.10.22.513328,Q,21
MAP1LC3B,I23F,NP_073729:p.Ile23Phe,"hg19,16:g.87432447A>T",,,0.632,"cBioPortal,saturation",0.64129,1.761793333333333,Neutral,-0.2774,0.6464866666666668,Neutral,1.96701,1.27185,0.4867333333333334,0.0014099999999999,Uncertain,Uncertain,18.16,8.033,24.29,8.936,,False,18.16,,,,neutral,neutral,neutral,,False,24.29,,neutral,neutral,neutral,neutral,,,,-0.2778,0.4486,-8.8794,loss_of_function,-4.81661779212856,0.4062759048256676,0.6992452837409772,Pathogenic,0.9699,pathogenic,https://doi.org/10.1101/2022.10.22.513328,F,23,NP_073729:p.Ile23Phe,"hg19,16:g.87432447A>T",,,0.632,"cBioPortal,saturation",0.87604,1.761793333333333,Neutral,1.96701,1.27185,0.4867333333333334,0.0014099999999999,Uncertain,Uncertain,18.16,8.033,24.29,8.936,,False,18.16,,,,neutral,neutral,neutral,,False,24.29,,neutral,neutral,neutral,neutral,,,,-0.2778,0.4486,-8.8794,loss_of_function,-4.81661779212856,0.4062759048256676,0.6992452837409772,Pathogenic,0.9699,pathogenic,https://doi.org/10.1101/2022.10.22.513328,F,23
MAP1LC3B,E25Q,NP_073729:p.Glu25Gln,"hg19,16:g.87432453G>C",0.0070709644540706,0.0060480984873789,0.061,"cBioPortal,saturation,clinvar",-0.33482,-0.00941,Neutral,-0.10322,0.1035133333333333,Neutral,-0.07325,,0.0310366666666666,,Neutral,Uncertain,83.353,9.98,74.565,10.01,,False,83.353,,,,neutral,neutral,neutral,,False,74.565,,neutral,neutral,neutral,neutral,781343.0,Benign,1.0,0.056,2.8031,-4.3621,gain_of_function,-0.61832955703022,0.8878271959696552,0.0003964088771009,Benign,0.1131,benign,https://doi.org/10.1101/2022.10.22.513328,Q,25,NP_073729:p.Glu25Gln,"hg19,16:g.87432453G>C",0.0070709644540706,0.0060480984873789,0.061,"cBioPortal,saturation,clinvar",-0.5504,-0.00941,Neutral,-0.07325,,0.0310366666666666,,Uncertain,Neutral,83.353,9.98,74.565,10.01,,False,83.353,,,,neutral,neutral,neutral,,False,74.565,,neutral,neutral,neutral,neutral,781343.0,Benign,1.0,0.056,2.8031,-4.3621,gain_of_function,-0.61832955703022,0.8878271959696552,0.0003964088771009,Benign,0.1131,benign,https://doi.org/10.1101/2022.10.22.513328,Q,25
MAP1LC3B,T29A,NP_073729:p.Thr29Ala,"hg19,16:g.87432465A>G, hg38,16:g.87398859A>G",9.55170657157e-05,,0.147,"cBioPortal,COSMIC,saturation",-0.32226,0.2675733333333333,Neutral,-0.52088,0.1445566666666666,Neutral,0.01602,0.01296,-0.0537666666666666,-0.0271866666666666,Neutral,Neutral,108.752,9.374,47.22,10.866,P,False,108.752,0.279,0.046,0.016,damaging,neutral,neutral,P,False,47.22,1.272,damaging,neutral,uncertain,uncertain,,,,-0.0429,2.1039,-5.3189,loss_of_function,-0.275743562140301,0.9271224322490252,0.0176785947391991,Benign,0.0724,benign,https://doi.org/10.1101/2022.10.22.513328,A,29,NP_073729:p.Thr29Ala,"hg19,16:g.87432465A>G, hg38,16:g.87398859A>G",9.55170657157e-05,,0.147,"cBioPortal,COSMIC,saturation",-0.39781,0.2675733333333333,Neutral,0.01602,0.01296,-0.0537666666666666,-0.0271866666666666,Neutral,Neutral,108.752,9.374,47.22,10.866,P,False,108.752,0.279,0.046,0.016,damaging,neutral,neutral,P,False,47.22,1.272,damaging,neutral,uncertain,uncertain,,,,-0.0429,2.1039,-5.3189,loss_of_function,-0.275743562140301,0.9271224322490252,0.0176785947391991,Benign,0.0724,benign,https://doi.org/10.1101/2022.10.22.513328,A,29
MAP1LC3B,T29I,NP_073729:p.Thr29Ile,,,,,"saturation,clinvar",-0.57697,0.0561233333333333,Neutral,0.21699,0.9250566666666664,Neutral,0.00087,-0.03878,0.00963,0.0201266666666666,Neutral,Neutral,108.752,9.374,47.22,10.866,P,False,108.752,0.279,0.046,0.001,damaging,neutral,neutral,P,False,47.22,1.272,damaging,neutral,uncertain,uncertain,2493543.0,Uncertain significance,1.0,-0.0871,2.1039,-8.9037,loss_of_function,-4.02562118176241,0.497004653706678,0.4495117921670961,Uncertain,0.6859,pathogenic,https://doi.org/10.1101/2022.10.22.513328,I,29,NP_073729:p.Thr29Ile,,,,,"saturation,clinvar",-0.79345,0.0561233333333333,Neutral,0.00087,-0.03878,0.00963,0.0201266666666666,Neutral,Neutral,108.752,9.374,47.22,10.866,P,False,108.752,0.279,0.046,0.001,damaging,neutral,neutral,P,False,47.22,1.272,damaging,neutral,uncertain,uncertain,2493543.0,Uncertain significance,1.0,-0.0871,2.1039,-8.9037,loss_of_function,-4.02562118176241,0.497004653706678,0.4495117921670961,Uncertain,0.6859,pathogenic,https://doi.org/10.1101/2022.10.22.513328,I,29
MAP1LC3B,I35V,NP_073729:p.Ile35Val,"hg19,16:g.87435787A>G",,,0.284,"cBioPortal,saturation",1.47372,0.53152,Neutral,0.50298,-0.0226766666666666,Neutral,0.02791,0.01772,0.0111066666666666,0.1257566666666666,Neutral,Neutral,0.283,0.602,4.555,4.142,,True,0.283,,,,neutral,neutral,neutral,,True,4.555,,neutral,neutral,neutral,neutral,,,,-0.0622,1.1526,-1.9827,loss_of_function,-1.20901600367988,0.8200743869396828,0.0014760866311972,Benign,0.2687,benign,https://doi.org/10.1101/2022.10.22.513328,V,35,NP_073729:p.Ile35Val,"hg19,16:g.87435787A>G",,,0.284,"cBioPortal,saturation",1.8945,0.53152,Neutral,0.02791,0.01772,0.0111066666666666,0.1257566666666666,Neutral,Neutral,0.283,0.602,4.555,4.142,,True,0.283,,,,neutral,neutral,neutral,,True,4.555,,neutral,neutral,neutral,neutral,,,,-0.0622,1.1526,-1.9827,loss_of_function,-1.20901600367988,0.8200743869396828,0.0014760866311972,Benign,0.2687,benign,https://doi.org/10.1101/2022.10.22.513328,V,35
MAP1LC3B,R37Q,NP_073729:p.Arg37Gln,"hg19,16:g.87435794G>A, hg38,16:g.87402188G>A",,3.9783893888e-06,0.514,"cBioPortal,COSMIC,saturation",0.92898,0.0471666666666666,Neutral,0.07823,-0.12517,Neutral,,0.09307,,0.0364,Uncertain,Neutral,22.384,6.927,8.275,8.189,,False,22.384,,,,neutral,neutral,neutral,,False,8.275,,neutral,neutral,neutral,damaging,,,,-0.2806,0.2823,-6.96,loss_of_function,-2.57598898543011,0.6632801013978874,0.568312334692044,Uncertain,0.9511,pathogenic,https://doi.org/10.1101/2022.10.22.513328,Q,37,NP_073729:p.Arg37Gln,"hg19,16:g.87435794G>A, hg38,16:g.87402188G>A",,3.9783893888e-06,0.514,"cBioPortal,COSMIC,saturation",1.23646,0.0471666666666666,Neutral,,0.09307,,0.0364,Neutral,Uncertain,22.384,6.927,8.275,8.189,,False,22.384,,,,neutral,neutral,neutral,,False,8.275,,neutral,neutral,neutral,damaging,,,,-0.2806,0.2823,-6.96,loss_of_function,-2.57598898543011,0.6632801013978874,0.568312334692044,Uncertain,0.9511,pathogenic,https://doi.org/10.1101/2022.10.22.513328,Q,37
MAP1LC3B,K39R,NP_073729:p.Lys39Arg,"hg19,16:g.87435800A>G, hg38,16:g.87402194A>G",,,0.065,"cBioPortal,COSMIC,saturation",0.02587,0.4320833333333334,Neutral,0.43647,-0.2671199999999999,Neutral,,-0.00304,,-0.0211833333333333,Uncertain,Neutral,78.312,19.891,29.23,14.862,,False,78.312,,,,neutral,neutral,neutral,,False,29.23,,neutral,neutral,neutral,uncertain,,,,0.0565,2.4855,-5.7901,gain_of_function,-0.406104628687989,0.9121697809788876,0.0003941977882461,Benign,0.0811,benign,https://doi.org/10.1101/2022.10.22.513328,R,39,NP_073729:p.Lys39Arg,"hg19,16:g.87435800A>G, hg38,16:g.87402194A>G",,,0.065,"cBioPortal,COSMIC,saturation",-0.11634,0.4320833333333334,Neutral,,-0.00304,,-0.0211833333333333,Neutral,Uncertain,78.312,19.891,29.23,14.862,,False,78.312,,,,neutral,neutral,neutral,,False,29.23,,neutral,neutral,neutral,uncertain,,,,0.0565,2.4855,-5.7901,gain_of_function,-0.406104628687989,0.9121697809788876,0.0003941977882461,Benign,0.0811,benign,https://doi.org/10.1101/2022.10.22.513328,R,39
MAP1LC3B,L44P,NP_073729:p.Leu44Pro,,,,,"saturation,clinvar",4.4597,6.84932,Destabilizing,3.26393,5.03923,Destabilizing,,-0.00047,,-0.0399966666666666,,Neutral,3.986,4.051,13.935,17.14,,False,3.986,,,,neutral,neutral,neutral,,False,13.935,,neutral,neutral,neutral,damaging,2298841.0,Uncertain significance,1.0,-0.4936,0.1018,-22.2506,loss_of_function,-6.57025621332876,0.205130390597086,0.9506337065166096,Pathogenic,0.9988,pathogenic,https://doi.org/10.1101/2022.10.22.513328,P,44,NP_073729:p.Leu44Pro,,,,,"saturation,clinvar",5.1643,6.84932,Destabilizing,,-0.00047,,-0.0399966666666666,Neutral,,3.986,4.051,13.935,17.14,,False,3.986,,,,neutral,neutral,neutral,,False,13.935,,neutral,neutral,neutral,damaging,2298841.0,Uncertain significance,1.0,-0.4936,0.1018,-22.2506,loss_of_function,-6.57025621332876,0.205130390597086,0.9506337065166096,Pathogenic,0.9988,pathogenic,https://doi.org/10.1101/2022.10.22.513328,P,44
MAP1LC3B,K49A,NP_073729:p.Lys49Ala,,,,,saturation,0.45383,0.2097533333333333,Neutral,0.36261,0.0867366666666666,Neutral,0.76671,1.06362,0.6565266666666667,0.3603933333333333,Neutral,Uncertain,65.617,16.15,68.445,20.591,,True,65.617,,,,neutral,neutral,neutral,,True,68.445,,neutral,neutral,neutral,damaging,,,,-0.2719,0.551,-22.2506,loss_of_function,-5.10402531642439,0.3733097394127986,0.7994823636794643,Pathogenic,0.9964,pathogenic,https://doi.org/10.1101/2022.10.22.513328,A,49,NP_073729:p.Lys49Ala,,,,,saturation,0.60357,0.2097533333333333,Neutral,0.76671,1.06362,0.6565266666666667,0.3603933333333333,Uncertain,Neutral,65.617,16.15,68.445,20.591,,True,65.617,,,,neutral,neutral,neutral,,True,68.445,,neutral,neutral,neutral,damaging,,,,-0.2719,0.551,-22.2506,loss_of_function,-5.10402531642439,0.3733097394127986,0.7994823636794643,Pathogenic,0.9964,pathogenic,https://doi.org/10.1101/2022.10.22.513328,A,49
MAP1LC3B,K49N,NP_073729:p.Lys49Asn,"hg19,16:g.87435831A>C",,,0.495,"cBioPortal,saturation",0.13845,-0.0843499999999999,Neutral,0.16702,-0.32619,Neutral,0.42098,0.69835,0.6792266666666666,0.6671366666666666,Neutral,Neutral,65.617,16.15,68.445,20.591,,True,65.617,,,,neutral,neutral,neutral,,True,68.445,,neutral,neutral,neutral,damaging,,,,-0.2142,0.551,-7.3779,loss_of_function,-3.61845760140681,0.5437070564116355,0.0927727240622691,Benign,0.9987,pathogenic,https://doi.org/10.1101/2022.10.22.513328,N,49,NP_073729:p.Lys49Asn,"hg19,16:g.87435831A>C",,,0.495,"cBioPortal,saturation",-0.25667,-0.0843499999999999,Neutral,0.42098,0.69835,0.6792266666666666,0.6671366666666666,Neutral,Neutral,65.617,16.15,68.445,20.591,,True,65.617,,,,neutral,neutral,neutral,,True,68.445,,neutral,neutral,neutral,damaging,,,,-0.2142,0.551,-7.3779,loss_of_function,-3.61845760140681,0.5437070564116355,0.0927727240622691,Benign,0.9987,pathogenic,https://doi.org/10.1101/2022.10.22.513328,N,49
MAP1LC3B,K51A,NP_073729:p.Lys51Ala,,,,,saturation,1.4636,1.3739233333333332,Neutral,0.51267,0.7483000000000001,Neutral,1.36034,1.37491,1.3324999999999998,0.8769300000000001,Destabilizing,Uncertain,45.715,10.755,49.84,22.751,,True,45.715,,,,neutral,neutral,neutral,,True,49.84,,neutral,neutral,neutral,neutral,,,,-0.3085,0.1532,-22.2506,loss_of_function,-6.96215932554683,0.1601783913240922,0.9458409303599452,Pathogenic,0.9977,pathogenic,https://doi.org/10.1101/2022.10.22.513328,A,51,NP_073729:p.Lys51Ala,,,,,saturation,1.39561,1.3739233333333332,Neutral,1.36034,1.37491,1.3324999999999998,0.8769300000000001,Uncertain,Destabilizing,45.715,10.755,49.84,22.751,,True,45.715,,,,neutral,neutral,neutral,,True,49.84,,neutral,neutral,neutral,neutral,,,,-0.3085,0.1532,-22.2506,loss_of_function,-6.96215932554683,0.1601783913240922,0.9458409303599452,Pathogenic,0.9977,pathogenic,https://doi.org/10.1101/2022.10.22.513328,A,51
MAP1LC3B,D56G,NP_073729:p.Asp56Gly,,,,,"saturation,clinvar",0.0558,1.1608866666666666,Neutral,-0.4173,0.9206366666666668,Neutral,0.08033,-0.0213,-0.0733833333333333,0.0106566666666666,Neutral,Neutral,49.671,10.482,51.375,20.626,,False,49.671,,,,neutral,neutral,neutral,,False,51.375,,neutral,neutral,neutral,neutral,2291996.0,Uncertain significance,1.0,-0.1519,1.4352,-7.3779,loss_of_function,-1.45630744062063,0.7917096096592394,0.0634689694739862,Benign,0.7179,pathogenic,https://doi.org/10.1101/2022.10.22.513328,G,56,NP_073729:p.Asp56Gly,,,,,"saturation,clinvar",0.21665,1.1608866666666666,Neutral,0.08033,-0.0213,-0.0733833333333333,0.0106566666666666,Neutral,Neutral,49.671,10.482,51.375,20.626,,False,49.671,,,,neutral,neutral,neutral,,False,51.375,,neutral,neutral,neutral,neutral,2291996.0,Uncertain significance,1.0,-0.1519,1.4352,-7.3779,loss_of_function,-1.45630744062063,0.7917096096592394,0.0634689694739862,Benign,0.7179,pathogenic,https://doi.org/10.1101/2022.10.22.513328,G,56
MAP1LC3B,D56N,NP_073729:p.Asp56Asn,"hg19,16:g.87435850G>A, hg38,16:g.87402244G>A",,,0.341,"cBioPortal,COSMIC,saturation",-0.10687,0.3871866666666666,Neutral,0.33956,-0.10873,Neutral,0.04847,-0.04045,-0.0870833333333333,-0.0070466666666666,Neutral,Neutral,49.671,10.482,51.375,20.626,,False,49.671,,,,neutral,neutral,neutral,,False,51.375,,neutral,neutral,neutral,uncertain,,,,-0.1075,1.4352,-7.3779,loss_of_function,-1.61341432837295,0.7736891640851944,0.0338328499737205,Benign,0.4562,ambiguous,https://doi.org/10.1101/2022.10.22.513328,N,56,NP_073729:p.Asp56Asn,"hg19,16:g.87435850G>A, hg38,16:g.87402244G>A",,,0.341,"cBioPortal,COSMIC,saturation",0.21201,0.3871866666666666,Neutral,0.04847,-0.04045,-0.0870833333333333,-0.0070466666666666,Neutral,Neutral,49.671,10.482,51.375,20.626,,False,49.671,,,,neutral,neutral,neutral,,False,51.375,,neutral,neutral,neutral,uncertain,,,,-0.1075,1.4352,-7.3779,loss_of_function,-1.61341432837295,0.7736891640851944,0.0338328499737205,Benign,0.4562,ambiguous,https://doi.org/10.1101/2022.10.22.513328,N,56
MAP1LC3B,N59K,NP_073729:p.Asn59Lys,"hg19,16:g.87435861C>A",,,0.281,"cBioPortal,saturation",-0.41268,-0.1780033333333333,Neutral,-0.13267,1.0060066666666667,Neutral,,-0.06081,,-0.1809866666666666,Uncertain,Neutral,50.007,8.426,58.905,11.377,,False,50.007,,,,neutral,neutral,neutral,,False,58.905,,neutral,neutral,neutral,neutral,,,,-0.1291,1.3816,-7.375,loss_of_function,-2.48401184501018,0.6738300465766541,0.0068637167537527,Benign,0.9731,pathogenic,https://doi.org/10.1101/2022.10.22.513328,K,59,NP_073729:p.Asn59Lys,"hg19,16:g.87435861C>A",,,0.281,"cBioPortal,saturation",-0.60053,-0.1780033333333333,Neutral,,-0.06081,,-0.1809866666666666,Neutral,Uncertain,50.007,8.426,58.905,11.377,,False,50.007,,,,neutral,neutral,neutral,,False,58.905,,neutral,neutral,neutral,neutral,,,,-0.1291,1.3816,-7.375,loss_of_function,-2.48401184501018,0.6738300465766541,0.0068637167537527,Benign,0.9731,pathogenic,https://doi.org/10.1101/2022.10.22.513328,K,59
MAP1LC3B,M60I,NP_073729:p.Met60Ile,"hg19,16:g.87435864G>A, hg38,16:g.87402258G>A",,,0.261,"cBioPortal,COSMIC,saturation",1.7614,0.5913833333333333,Neutral,2.60455,2.574943333333333,Uncertain,,0.03038,,0.0182866666666666,,Neutral,1.318,1.433,0.95,3.103,,False,1.318,,,,neutral,neutral,neutral,,False,0.95,,neutral,neutral,neutral,uncertain,,,,-0.145,0.9986,-6.1584,loss_of_function,-0.717727960556976,0.8764260184240551,0.0028396192420701,Benign,0.8954,pathogenic,https://doi.org/10.1101/2022.10.22.513328,I,60,NP_073729:p.Met60Ile,"hg19,16:g.87435864G>A, hg38,16:g.87402258G>A",,,0.261,"cBioPortal,COSMIC,saturation",1.23168,0.5913833333333333,Neutral,,0.03038,,0.0182866666666666,Neutral,,1.318,1.433,0.95,3.103,,False,1.318,,,,neutral,neutral,neutral,,False,0.95,,neutral,neutral,neutral,uncertain,,,,-0.145,0.9986,-6.1584,loss_of_function,-0.717727960556976,0.8764260184240551,0.0028396192420701,Benign,0.8954,pathogenic,https://doi.org/10.1101/2022.10.22.513328,I,60
MAP1LC3B,K65E,NP_073729:p.Lys65Glu,"hg19,16:g.87435877A>G, hg38,16:g.87402271A>G",,2.7864023565e-05,0.314,"cBioPortal,COSMIC,saturation",-0.18196,-0.9134933333333332,Neutral,-0.08786,-0.1978466666666666,Neutral,0.60928,0.29299,0.1651433333333333,-0.0040633333333333,Neutral,Neutral,56.607,10.364,66.745,10.796,,False,56.607,,,,neutral,neutral,neutral,,False,66.745,,neutral,neutral,neutral,neutral,,,,-0.1848,1.7682,-22.2535,loss_of_function,-2.70508638884451,0.6484723945859027,0.2000073659445732,Benign,0.9703,pathogenic,https://doi.org/10.1101/2022.10.22.513328,E,65,NP_073729:p.Lys65Glu,"hg19,16:g.87435877A>G, hg38,16:g.87402271A>G",,2.7864023565e-05,0.314,"cBioPortal,COSMIC,saturation",0.0416,-0.9134933333333332,Neutral,0.60928,0.29299,0.1651433333333333,-0.0040633333333333,Neutral,Neutral,56.607,10.364,66.745,10.796,,False,56.607,,,,neutral,neutral,neutral,,False,66.745,,neutral,neutral,neutral,neutral,,,,-0.1848,1.7682,-22.2535,loss_of_function,-2.70508638884451,0.6484723945859027,0.2000073659445732,Benign,0.9703,pathogenic,https://doi.org/10.1101/2022.10.22.513328,E,65
MAP1LC3B,R70C,NP_073729:p.Arg70Cys,"hg19,16:g.87436533C>T, hg38,16:g.87402927C>T",,,0.467,"cBioPortal,COSMIC,saturation",0.64799,0.1909299999999999,Neutral,0.84062,0.4623566666666666,Neutral,0.74128,0.80068,0.2377366666666666,0.7755666666666667,Neutral,Neutral,54.026,10.267,50.665,16.348,,True,54.026,,,,neutral,neutral,neutral,,True,50.665,,neutral,neutral,neutral,neutral,,,,-0.3051,0.3321,-5.9571,loss_of_function,-1.45321708498647,0.7920640790673383,0.1041278745381338,Benign,0.9945,pathogenic,https://doi.org/10.1101/2022.10.22.513328,C,70,NP_073729:p.Arg70Cys,"hg19,16:g.87436533C>T, hg38,16:g.87402927C>T",,,0.467,"cBioPortal,COSMIC,saturation",0.60915,0.1909299999999999,Neutral,0.74128,0.80068,0.2377366666666666,0.7755666666666667,Neutral,Neutral,54.026,10.267,50.665,16.348,,True,54.026,,,,neutral,neutral,neutral,,True,50.665,,neutral,neutral,neutral,neutral,,,,-0.3051,0.3321,-5.9571,loss_of_function,-1.45321708498647,0.7920640790673383,0.1041278745381338,Benign,0.9945,pathogenic,https://doi.org/10.1101/2022.10.22.513328,C,70
MAP1LC3B,R70H,NP_073729:p.Arg70His,"hg19,16:g.87436534G>A, hg38,16:g.87402928G>A",,7.9738457858e-06,0.513,"cBioPortal,COSMIC,saturation",0.46141,0.5017,Neutral,0.34275,-0.8854899999999999,Neutral,0.54554,0.51879,0.15172,0.3820133333333333,Neutral,Neutral,54.026,10.267,50.665,16.348,,True,54.026,,,,neutral,neutral,neutral,,True,50.665,,neutral,neutral,neutral,neutral,,,,-0.2762,0.3321,-7.957,loss_of_function,-2.32717904920374,0.6918190533063323,0.048678237967814,Benign,0.9796,pathogenic,https://doi.org/10.1101/2022.10.22.513328,H,70,NP_073729:p.Arg70His,"hg19,16:g.87436534G>A, hg38,16:g.87402928G>A",,7.9738457858e-06,0.513,"cBioPortal,COSMIC,saturation",0.2698,0.5017,Neutral,0.54554,0.51879,0.15172,0.3820133333333333,Neutral,Neutral,54.026,10.267,50.665,16.348,,True,54.026,,,,neutral,neutral,neutral,,True,50.665,,neutral,neutral,neutral,neutral,,,,-0.2762,0.3321,-7.957,loss_of_function,-2.32717904920374,0.6918190533063323,0.048678237967814,Benign,0.9796,pathogenic,https://doi.org/10.1101/2022.10.22.513328,H,70
MAP1LC3B,N74S,NP_073729:p.Asn74Ser,"hg19,16:g.87436546A>G",3.1841049481e-05,7.96400270776e-05,0.145,"cBioPortal,saturation",-0.07169,0.0320833333333333,Neutral,0.18272,0.9615633333333332,Neutral,,0.00932,,0.0117966666666666,Uncertain,Neutral,94.698,13.437,60.0,33.068,,False,94.698,,,,neutral,neutral,neutral,,False,60.0,,neutral,neutral,neutral,damaging,,,,-0.0231,1.9761,-3.8336,loss_of_function,0.154240061575338,0.9764423354038372,0.0004029941270286,Benign,0.0978,benign,https://doi.org/10.1101/2022.10.22.513328,S,74,NP_073729:p.Asn74Ser,"hg19,16:g.87436546A>G",3.1841049481e-05,7.96400270776e-05,0.145,"cBioPortal,saturation",-0.00673,0.0320833333333333,Neutral,,0.00932,,0.0117966666666666,Neutral,Uncertain,94.698,13.437,60.0,33.068,,False,94.698,,,,neutral,neutral,neutral,,False,60.0,,neutral,neutral,neutral,damaging,,,,-0.0231,1.9761,-3.8336,loss_of_function,0.154240061575338,0.9764423354038372,0.0004029941270286,Benign,0.0978,benign,https://doi.org/10.1101/2022.10.22.513328,S,74
MAP1LC3B,A75D,NP_073729:p.Ala75Asp,"hg19,16:g.87436549C>A",,,0.206,"cBioPortal,saturation",0.02894,-0.6633766666666666,Neutral,0.00193,1.0628133333333334,Neutral,,,,,Uncertain,Uncertain,77.563,18.412,83.835,19.48,,False,77.563,,,,neutral,neutral,neutral,,False,83.835,,neutral,neutral,neutral,uncertain,,,,-0.194,1.7455,-8.9628,loss_of_function,-2.23738778492735,0.7021182745185066,0.0140037044897103,Benign,0.7658,pathogenic,https://doi.org/10.1101/2022.10.22.513328,D,75,NP_073729:p.Ala75Asp,"hg19,16:g.87436549C>A",,,0.206,"cBioPortal,saturation",0.04181,-0.6633766666666666,Neutral,,,,,Uncertain,Uncertain,77.563,18.412,83.835,19.48,,False,77.563,,,,neutral,neutral,neutral,,False,83.835,,neutral,neutral,neutral,uncertain,,,,-0.194,1.7455,-8.9628,loss_of_function,-2.23738778492735,0.7021182745185066,0.0140037044897103,Benign,0.7658,pathogenic,https://doi.org/10.1101/2022.10.22.513328,D,75
MAP1LC3B,V89F,NP_073729:p.Val89Phe,"hg19,16:g.87436590G>T, hg38,16:g.87402984G>T",,,0.578,"cBioPortal,COSMIC,saturation",0.78632,1.3310666666666666,Neutral,-1.04405,0.2425166666666666,Neutral,,,,,Uncertain,Uncertain,23.813,8.518,60.05,16.143,,True,23.813,,,,neutral,neutral,neutral,,True,60.05,,neutral,neutral,neutral,damaging,,,,-0.241,1.297,-8.957,loss_of_function,-3.24240342308921,0.5868411541600932,0.164671257652374,Benign,0.872,pathogenic,https://doi.org/10.1101/2022.10.22.513328,F,89,NP_073729:p.Val89Phe,"hg19,16:g.87436590G>T, hg38,16:g.87402984G>T",,,0.578,"cBioPortal,COSMIC,saturation",1.8423,1.3310666666666666,Neutral,,,,,Uncertain,Uncertain,23.813,8.518,60.05,16.143,,True,23.813,,,,neutral,neutral,neutral,,True,60.05,,neutral,neutral,neutral,damaging,,,,-0.241,1.297,-8.957,loss_of_function,-3.24240342308921,0.5868411541600932,0.164671257652374,Benign,0.872,pathogenic,https://doi.org/10.1101/2022.10.22.513328,F,89
MAP1LC3B,V91I,NP_073729:p.Val91Ile,"hg38,16:g.87402990G>A",6.36942675159e-05,8.75329243159e-05,0.172,"COSMIC,saturation,clinvar",-0.1937,-0.04626,Neutral,0.64635,0.1764166666666666,Neutral,,-0.00186,,0.0022399999999999,Uncertain,Neutral,92.956,14.427,24.505,29.52,,True,92.956,,,,neutral,neutral,neutral,,True,24.505,,neutral,neutral,neutral,uncertain,2406999.0,Uncertain significance,1.0,-0.0166,2.0206,-5.7755,loss_of_function,-0.816912303371954,0.865049394031161,0.0002930454057971,Benign,0.1926,benign,https://doi.org/10.1101/2022.10.22.513328,I,91,NP_073729:p.Val91Ile,"hg38,16:g.87402990G>A",6.36942675159e-05,8.75329243159e-05,0.172,"COSMIC,saturation,clinvar",-0.01166,-0.04626,Neutral,,-0.00186,,0.0022399999999999,Neutral,Uncertain,92.956,14.427,24.505,29.52,,True,92.956,,,,neutral,neutral,neutral,,True,24.505,,neutral,neutral,neutral,uncertain,2406999.0,Uncertain significance,1.0,-0.0166,2.0206,-5.7755,loss_of_function,-0.816912303371954,0.865049394031161,0.0002930454057971,Benign,0.1926,benign,https://doi.org/10.1101/2022.10.22.513328,I,91
MAP1LC3B,E105K,NP_073729:p.Glu105Lys,"hg19,16:g.87436638G>A",,,0.22,"cBioPortal,saturation",-0.27835,-0.01134,Neutral,-0.29972,0.5450099999999999,Neutral,,,,,Uncertain,Uncertain,93.765,8.871,70.335,16.516,,True,93.765,,,,neutral,neutral,neutral,,True,70.335,,neutral,neutral,neutral,uncertain,,,,-0.1265,1.5233,-7.3457,loss_of_function,-2.29183444910182,0.6958731431784272,0.0695343478120881,Benign,0.1516,benign,https://doi.org/10.1101/2022.10.22.513328,K,105,NP_073729:p.Glu105Lys,"hg19,16:g.87436638G>A",,,0.22,"cBioPortal,saturation",-0.27006,-0.01134,Neutral,,,,,Uncertain,Uncertain,93.765,8.871,70.335,16.516,,True,93.765,,,,neutral,neutral,neutral,,True,70.335,,neutral,neutral,neutral,uncertain,,,,-0.1265,1.5233,-7.3457,loss_of_function,-2.29183444910182,0.6958731431784272,0.0695343478120881,Benign,0.1516,benign,https://doi.org/10.1101/2022.10.22.513328,K,105
MAP1LC3B,A114T,NP_073729:p.Ala114Thr,"hg19,16:g.87436665G>A",,,0.411,"cBioPortal,saturation",1.22781,1.7073666666666665,Neutral,2.24753,0.8903633333333333,Uncertain,,,,,,,2.26,2.635,4.53,3.548,,True,2.26,,,,neutral,neutral,neutral,,True,4.53,,neutral,neutral,neutral,neutral,,,,-0.1655,0.5706,-3.9617,loss_of_function,-1.69289172950065,0.7645729617220863,0.0143987017996986,Benign,0.9446,pathogenic,https://doi.org/10.1101/2022.10.22.513328,T,114,NP_073729:p.Ala114Thr,"hg19,16:g.87436665G>A",,,0.411,"cBioPortal,saturation",1.99909,1.7073666666666665,Neutral,,,,,,,2.26,2.635,4.53,3.548,,True,2.26,,,,neutral,neutral,neutral,,True,4.53,,neutral,neutral,neutral,neutral,,,,-0.1655,0.5706,-3.9617,loss_of_function,-1.69289172950065,0.7645729617220863,0.0143987017996986,Benign,0.9446,pathogenic,https://doi.org/10.1101/2022.10.22.513328,T,114
MAP1LC3B,E117V,NP_073729:p.Glu117Val,"hg38,16:g.87403069A>T",,0.0,0.64,"COSMIC,saturation",0.82745,0.0902466666666666,Neutral,0.04197,0.0028366666666666,Neutral,,,,,Uncertain,Uncertain,69.9,12.99,60.42,15.724,,False,69.9,,,,neutral,neutral,neutral,,False,60.42,,neutral,neutral,neutral,uncertain,,,,-0.2763,0.6226,-22.1886,loss_of_function,-5.23408796517189,0.3583913172067305,0.8489639181208452,Pathogenic,0.9826,pathogenic,https://doi.org/10.1101/2022.10.22.513328,V,117,NP_073729:p.Glu117Val,"hg38,16:g.87403069A>T",,0.0,0.64,"COSMIC,saturation",0.47984,0.0902466666666666,Neutral,,,,,Uncertain,Uncertain,69.9,12.99,60.42,15.724,,False,69.9,,,,neutral,neutral,neutral,,False,60.42,,neutral,neutral,neutral,uncertain,,,,-0.2763,0.6226,-22.1886,loss_of_function,-5.23408796517189,0.3583913172067305,0.8489639181208452,Pathogenic,0.9826,pathogenic,https://doi.org/10.1101/2022.10.22.513328,V,117
MAP1LC3B,T118A,NP_073729:p.Thr118Ala,"hg19,16:g.87436677A>G",,0.0006486451424587,0.435,"cBioPortal,saturation",0.01662,0.4224466666666666,Neutral,-1.96307,0.6380933333333333,Neutral,,,,,Uncertain,Uncertain,107.975,26.329,13.07,11.582,,False,107.975,,,,uncertain,,,,False,13.07,,uncertain,,,uncertain,,,,-0.0679,1.7729,-4.251,loss_of_function,-1.45174952363541,0.7922324110216639,0.0006213332906403,Benign,0.6894,pathogenic,https://doi.org/10.1101/2022.10.22.513328,A,118,NP_073729:p.Thr118Ala,"hg19,16:g.87436677A>G",,0.0006486451424587,0.435,"cBioPortal,saturation",0.04509,0.4224466666666666,Neutral,,,,,Uncertain,Uncertain,107.975,26.329,13.07,11.582,,False,107.975,,,,uncertain,,,,False,13.07,,uncertain,,,uncertain,,,,-0.0679,1.7729,-4.251,loss_of_function,-1.45174952363541,0.7922324110216639,0.0006213332906403,Benign,0.6894,pathogenic,https://doi.org/10.1101/2022.10.22.513328,A,118
MAP1LC3B,G120R,NP_073729:p.Gly120Arg,"hg19,16:g.87436683G>A, hg38,16:g.87403077G>A",3.18511912346e-05,4.0617714198e-06,0.705,"cBioPortal,COSMIC,saturation",0.65869,-0.03424,Neutral,0.8019,0.5666666666666668,Neutral,,,,,Uncertain,Uncertain,301.675,46.908,90.81,31.494,,False,301.675,,,,neutral,neutral,neutral,,False,90.81,,neutral,neutral,neutral,neutral,,,,-0.3839,0.0879,-8.8764,loss_of_function,-3.10488120080704,0.6026152030086992,0.964316378136762,Pathogenic,0.9944,pathogenic,https://doi.org/10.1101/2022.10.22.513328,R,120,NP_073729:p.Gly120Arg,"hg19,16:g.87436683G>A, hg38,16:g.87403077G>A",3.18511912346e-05,4.0617714198e-06,0.705,"cBioPortal,COSMIC,saturation",0.46972,-0.03424,Neutral,,,,,Uncertain,Uncertain,301.675,46.908,90.81,31.494,,False,301.675,,,,neutral,neutral,neutral,,False,90.81,,neutral,neutral,neutral,neutral,,,,-0.3839,0.0879,-8.8764,loss_of_function,-3.10488120080704,0.6026152030086992,0.964316378136762,Pathogenic,0.9944,pathogenic,https://doi.org/10.1101/2022.10.22.513328,R,120
MAP1LC3B,G120V,NP_073729:p.Gly120Val,"hg38,16:g.87403078G>T",,,0.678,"COSMIC,saturation",1.11934,0.58719,Neutral,1.47102,0.2701833333333333,Neutral,,,,,Uncertain,Uncertain,301.675,46.908,90.81,31.494,,False,301.675,,,,neutral,neutral,neutral,,False,90.81,,neutral,neutral,neutral,neutral,,,,-0.462,0.0879,-22.1642,loss_of_function,-4.65262260003167,0.4250864514278387,0.9586262230932192,Pathogenic,0.9935,pathogenic,https://doi.org/10.1101/2022.10.22.513328,V,120,NP_073729:p.Gly120Val,"hg38,16:g.87403078G>T",,,0.678,"COSMIC,saturation",0.67262,0.58719,Neutral,,,,,Uncertain,Uncertain,301.675,46.908,90.81,31.494,,False,301.675,,,,neutral,neutral,neutral,,False,90.81,,neutral,neutral,neutral,neutral,,,,-0.462,0.0879,-22.1642,loss_of_function,-4.65262260003167,0.4250864514278387,0.9586262230932192,Pathogenic,0.9935,pathogenic,https://doi.org/10.1101/2022.10.22.513328,V,120
