catalytic_residue,catalytic_residue_atom,second_sphere_residue,second_sphere_residue_atom,contact,distance,interacting_entities,type
ASN146,ND2,ASP141,CG,vdw,3.33,INTER,atom-atom
ASN146,CB,ASP159,CB,proximal_hydrophobic,4.08,INTER,atom-atom
ASN146,CB,LYS143,CG,proximal_hydrophobic,4.19,INTER,atom-atom
ASN146,ND2,LYS143,CE,proximal_weak_polar,3.43,INTER,atom-atom
ASN146,OD1,LYS143,CE,vdw_weak_polar,3.23,INTER,atom-atom
ASN146,O,PHE148,CE2,proximal_weak_polar,3.44,INTER,atom-atom
ASN146,N,PRO144,O,proximal_polar,3.23,INTER,atom-atom
ASP141,CB,ALA163,CB,proximal_hydrophobic,4.44,INTER,atom-atom
ASP141,CG,ASN146,ND2,vdw,3.33,INTER,atom-atom
ASP141,C,HIS139,ND1,vdw,3.29,INTER,atom-atom
ASP141,N,HIS139,ND1,proximal_polar,3.4,INTER,atom-atom
ASP141,O,HIS139,CE1,vdw_polar,3.23,INTER,atom-atom
ASP141,O,LYS143,N,proximal_polar,3.24,INTER,atom-atom
ASP159,CB,ASN146,CB,proximal_hydrophobic,4.08,INTER,atom-atom
ASP169,N,ASN167,O,proximal_polar,3.39,INTER,atom-atom
ASP169,O,SER171,N,proximal_polar,3.48,INTER,atom-atom
LYS143,C,ALA145,N,vdw,3.25,INTER,atom-atom
LYS143,CG,ALA145,CB,proximal_hydrophobic,4.37,INTER,atom-atom
LYS143,O,ALA145,N,vdw_polar,3.15,INTER,atom-atom
LYS143,CE,ASN146,ND2,proximal_weak_polar,3.43,INTER,atom-atom
LYS143,CE,ASN146,OD1,vdw_weak_polar,3.23,INTER,atom-atom
LYS143,CG,ASN146,CB,proximal_hydrophobic,4.19,INTER,atom-atom
LYS143,N,ASP141,O,proximal_polar,3.24,INTER,atom-atom
LYS143,CB,TYR182,CD2,proximal_hydrophobic,3.76,INTER,atom-atom
LYS143,CB,TYR182,CE1,proximal_hydrophobic,4.46,INTER,atom-atom
LYS143,CB,TYR182,CE2,proximal_hydrophobic,3.71,INTER,atom-atom
LYS143,CB,TYR182,CG,proximal_hydrophobic,4.22,INTER,atom-atom
THR179,CG2,LEU224,CD2,proximal_hydrophobic,3.79,INTER,atom-atom
THR179,C,TYR181,N,vdw,3.34,INTER,atom-atom
THR179,CG2,TYR181,CD1,proximal_hydrophobic,3.8,INTER,atom-atom
THR179,CG2,TYR181,CD2,proximal_hydrophobic,4.45,INTER,atom-atom
THR179,CG2,TYR181,CE2,proximal_hydrophobic,4.03,INTER,atom-atom
THR179,CG2,TYR181,CG,proximal_hydrophobic,4.35,INTER,atom-atom
THR179,CG2,TYR181,CZ,vdw,3.43,INTER,atom-atom
THR179,O,TYR181,CD2,vdw_weak_polar,3.3,INTER,atom-atom
