protein,Mutation,HGVSp_x,HGVSg_x,gnomAD genome allele frequency_x,gnomAD exome allele frequency_x,REVEL score_x,Mutation sources_x,"Stability (FoldX5, kcal/mol) [md]_x","Stability (Rosetta Cartddg2020, kcal/mol) [md]_x","Stability classification, (Rosetta, FoldX) [md]_1000ns",Relative Side Chain Solvent Accessibility in wild-type (average) [md]_x,Relative Side Chain Solvent Accessibility in wild-type (standard deviation) [md]_x,PTMs [md]_x,is site part of phospho-SLiM [md]_x,PTM residue SASA (%) [md]_x,"Change in stability with PTM (FoldX5, kcal/mol) [md]_x",PTM effect in regulation [md]_x,PTM effect in stability [md]_x,PTM effect in function [md]_x,AlloSigma2-PSN classification [md]_x,ClinVar Variation ID_x,ClinVar Interpretation_x,ClinVar Review Status_x,AlphaFold2 model pLDDT score_x,AlphaFold2 model secondary structure_x,DeMaSk delta fitness_x,DeMaSk Shannon entropy_x,DeMaSk log2 variant frequency_x,DeMaSk predicted consequence_x,GEMME Score_x,GEMME Score (rank-normalized)_x,EVE score_x,EVE classification (25% Uncertain)_x,AlphaMissense pathogenicity score_x,AlphaMissense classification_x,References_x,Mut_res_x,Position_x,HGVSp_y,HGVSg_y,gnomAD genome allele frequency_y,gnomAD exome allele frequency_y,REVEL score_y,Mutation sources_y,"Stability (FoldX5, kcal/mol) [md]_y","Stability (Rosetta Cartddg2020, kcal/mol) [md]_y","Stability classification, (Rosetta, FoldX) [md]_100ns",Relative Side Chain Solvent Accessibility in wild-type (average) [md]_y,Relative Side Chain Solvent Accessibility in wild-type (standard deviation) [md]_y,PTMs [md]_y,is site part of phospho-SLiM [md]_y,PTM residue SASA (%) [md]_y,"Change in stability with PTM (FoldX5, kcal/mol) [md]_y",PTM effect in regulation [md]_y,PTM effect in stability [md]_y,PTM effect in function [md]_y,AlloSigma2-PSN classification [md]_y,ClinVar Variation ID_y,ClinVar Interpretation_y,ClinVar Review Status_y,AlphaFold2 model pLDDT score_y,AlphaFold2 model secondary structure_y,DeMaSk delta fitness_y,DeMaSk Shannon entropy_y,DeMaSk log2 variant frequency_y,DeMaSk predicted consequence_y,GEMME Score_y,GEMME Score (rank-normalized)_y,EVE score_y,EVE classification (25% Uncertain)_y,AlphaMissense pathogenicity score_y,AlphaMissense classification_y,References_y,Mut_res_y,Position_y
PARK7,K4N,NP_001116849:p.Lys4Asn,"hg38,1:g.7962797A>T",,,0.567,"COSMIC,saturation",1.57185,0.3904766666666666,Neutral,47.508,6.713,,False,47.508,,neutral,neutral,neutral,uncertain,,,,98.71,-,-0.273,0.7153,-21.8689,loss_of_function,-2.42414219930493,0.7147293881654564,,,0.8097,pathogenic,https://doi.org/10.1101/2022.10.22.513328,N,4,NP_001116849:p.Lys4Asn,"hg38,1:g.7962797A>T",,,0.567,"COSMIC,saturation",1.60034,0.3904766666666666,Neutral,47.508,6.713,,False,47.508,,neutral,neutral,neutral,uncertain,,,,98.71,-,-0.273,0.7153,-21.8689,loss_of_function,-2.42414219930493,0.7147293881654564,,,0.8097,pathogenic,https://doi.org/10.1101/2022.10.22.513328,N,4
PARK7,V8A,NP_001116849:p.Val8Ala,"hg19,1:g.8022868T>C",,,0.753,"cBioPortal,saturation",3.63485,3.344783333333333,Destabilizing,0.03,0.126,,False,0.03,,neutral,neutral,neutral,neutral,,,,98.97,E,-0.1261,1.5924,-6.8857,loss_of_function,-2.57802335440844,0.7017129620111188,0.1117276921913033,Benign,0.8943,pathogenic,https://doi.org/10.1101/2022.10.22.513328,A,8,NP_001116849:p.Val8Ala,"hg19,1:g.8022868T>C",,,0.753,"cBioPortal,saturation",3.72742,3.344783333333333,Destabilizing,0.03,0.126,,False,0.03,,neutral,neutral,neutral,neutral,,,,98.97,E,-0.1261,1.5924,-6.8857,loss_of_function,-2.57802335440844,0.7017129620111188,0.1117276921913033,Benign,0.8943,pathogenic,https://doi.org/10.1101/2022.10.22.513328,A,8
PARK7,E15K,NP_001116849:p.Glu15Lys,"hg19,1:g.8022888G>A, hg38,1:g.7962828G>A",,,0.838,"cBioPortal,COSMIC,saturation",-0.53378,0.71712,Neutral,62.491,9.783,,False,62.491,,neutral,neutral,neutral,uncertain,,,,98.83,-,-0.2685,0.0654,-8.8886,loss_of_function,-5.16532729071006,0.4828593239353997,0.9332829959958096,Pathogenic,0.9956,pathogenic,https://doi.org/10.1101/2022.10.22.513328,K,15,NP_001116849:p.Glu15Lys,"hg19,1:g.8022888G>A, hg38,1:g.7962828G>A",,,0.838,"cBioPortal,COSMIC,saturation",-0.76949,0.71712,Neutral,62.491,9.783,,False,62.491,,neutral,neutral,neutral,uncertain,,,,98.83,-,-0.2685,0.0654,-8.8886,loss_of_function,-5.16532729071006,0.4828593239353997,0.9332829959958096,Pathogenic,0.9956,pathogenic,https://doi.org/10.1101/2022.10.22.513328,K,15
PARK7,E16K,NP_001116849:p.Glu16Lys,"hg19,1:g.8022891G>A, hg38,1:g.7962831G>A",,,0.842,"cBioPortal,COSMIC,saturation",-0.37906,1.5897933333333334,Neutral,41.608,15.348,,False,41.608,,neutral,neutral,neutral,uncertain,,,,98.8,H,-0.3169,0.2764,-22.1765,loss_of_function,-4.98452048130638,0.4981533245634904,0.9527243284496932,Pathogenic,0.9963,pathogenic,https://doi.org/10.1101/2022.10.22.513328,K,16,NP_001116849:p.Glu16Lys,"hg19,1:g.8022891G>A, hg38,1:g.7962831G>A",,,0.842,"cBioPortal,COSMIC,saturation",-0.67925,1.5897933333333334,Neutral,41.608,15.348,,False,41.608,,neutral,neutral,neutral,uncertain,,,,98.8,H,-0.3169,0.2764,-22.1765,loss_of_function,-4.98452048130638,0.4981533245634904,0.9527243284496932,Pathogenic,0.9963,pathogenic,https://doi.org/10.1101/2022.10.22.513328,K,16
PARK7,T19A,NP_001116849:p.Thr19Ala,"hg19,1:g.8022900A>G, hg38,1:g.7962840A>G",,,0.373,"cBioPortal,COSMIC,saturation",0.73362,0.4899099999999999,Neutral,3.124,3.494,P,False,3.124,8.303,uncertain,damaging,uncertain,neutral,,,,98.9,H,-0.0021,2.3394,-1.585,loss_of_function,-1.57201127362066,0.7868090346987549,0.0061446294862677,Benign,0.1528,benign,https://doi.org/10.1101/2022.10.22.513328,A,19,NP_001116849:p.Thr19Ala,"hg19,1:g.8022900A>G, hg38,1:g.7962840A>G",,,0.373,"cBioPortal,COSMIC,saturation",1.46971,0.4899099999999999,Neutral,3.124,3.494,P,False,3.124,8.303,uncertain,damaging,uncertain,neutral,,,,98.9,H,-0.0021,2.3394,-1.585,loss_of_function,-1.57201127362066,0.7868090346987549,0.0061446294862677,Benign,0.1528,benign,https://doi.org/10.1101/2022.10.22.513328,A,19
PARK7,T19M,NP_001116849:p.Thr19Met,"hg19,1:g.8022901C>T, hg38,1:g.7962841C>T",,2.38593254173e-05,0.51,"cBioPortal,COSMIC,saturation,clinvar",-1.45335,0.7802733333333333,Neutral,3.124,3.494,P,False,3.124,8.303,uncertain,damaging,uncertain,neutral,963192.0,Uncertain significance,1.0,98.9,H,-0.0761,2.3394,-7.3128,loss_of_function,-1.9686981155383,0.7532542762831118,0.0443554606477389,Benign,0.3287,benign,https://doi.org/10.1101/2022.10.22.513328,M,19,NP_001116849:p.Thr19Met,"hg19,1:g.8022901C>T, hg38,1:g.7962841C>T",,2.38593254173e-05,0.51,"cBioPortal,COSMIC,saturation,clinvar",-1.44941,0.7802733333333333,Neutral,3.124,3.494,P,False,3.124,8.303,uncertain,damaging,uncertain,neutral,963192.0,Uncertain significance,1.0,98.9,H,-0.0761,2.3394,-7.3128,loss_of_function,-1.9686981155383,0.7532542762831118,0.0443554606477389,Benign,0.3287,benign,https://doi.org/10.1101/2022.10.22.513328,M,19
PARK7,V20A,NP_001116849:p.Val20Ala,"hg19,1:g.8022904T>C, hg38,1:g.7962844T>C",,3.9764277364e-06,0.693,"saturation,clinvar",0.5444,0.4408133333333333,Neutral,27.243,14.378,,False,27.243,,neutral,neutral,neutral,uncertain,298118.0,Uncertain significance,1.0,98.9,H,-0.1615,1.2087,-6.8978,loss_of_function,-2.78864276087813,0.6838971875640201,0.5052421985463526,Uncertain,0.8241,pathogenic,https://doi.org/10.1101/2022.10.22.513328,A,20,NP_001116849:p.Val20Ala,"hg19,1:g.8022904T>C, hg38,1:g.7962844T>C",,3.9764277364e-06,0.693,"saturation,clinvar",0.65285,0.4408133333333333,Neutral,27.243,14.378,,False,27.243,,neutral,neutral,neutral,uncertain,298118.0,Uncertain significance,1.0,98.9,H,-0.1615,1.2087,-6.8978,loss_of_function,-2.78864276087813,0.6838971875640201,0.5052421985463526,Uncertain,0.8241,pathogenic,https://doi.org/10.1101/2022.10.22.513328,A,20
PARK7,V20I,NP_001116849:p.Val20Ile,"hg19,1:g.8022903G>A, hg38,1:g.7962843G>A",,,0.234,"cBioPortal,COSMIC,saturation",-0.42007,0.0223333333333333,Neutral,27.243,14.378,,False,27.243,,neutral,neutral,neutral,uncertain,,,,98.9,H,-0.0773,1.2087,-3.0399,loss_of_function,-0.668239354277627,0.8632568651077447,0.0876736205377596,Benign,0.1848,benign,https://doi.org/10.1101/2022.10.22.513328,I,20,NP_001116849:p.Val20Ile,"hg19,1:g.8022903G>A, hg38,1:g.7962843G>A",,,0.234,"cBioPortal,COSMIC,saturation",-0.29938,0.0223333333333333,Neutral,27.243,14.378,,False,27.243,,neutral,neutral,neutral,uncertain,,,,98.9,H,-0.0773,1.2087,-3.0399,loss_of_function,-0.668239354277627,0.8632568651077447,0.0876736205377596,Benign,0.1848,benign,https://doi.org/10.1101/2022.10.22.513328,I,20
PARK7,V23I,NP_001116849:p.Val23Ile,"hg19,1:g.8022912G>A, hg38,1:g.7962852G>A",,2.78338873602e-05,0.276,"saturation,clinvar",-0.83848,-0.2506799999999999,Neutral,5.942,5.155,,False,5.942,,neutral,neutral,neutral,uncertain,806044.0,Uncertain significance,1.0,98.9,H,0.0003,2.021,-2.4655,gain_of_function,-1.54237215232289,0.7893161346317673,0.0344269816605713,Benign,0.1719,benign,https://doi.org/10.1101/2022.10.22.513328,I,23,NP_001116849:p.Val23Ile,"hg19,1:g.8022912G>A, hg38,1:g.7962852G>A",,2.78338873602e-05,0.276,"saturation,clinvar",-1.03365,-0.2506799999999999,Neutral,5.942,5.155,,False,5.942,,neutral,neutral,neutral,uncertain,806044.0,Uncertain significance,1.0,98.9,H,0.0003,2.021,-2.4655,gain_of_function,-1.54237215232289,0.7893161346317673,0.0344269816605713,Benign,0.1719,benign,https://doi.org/10.1101/2022.10.22.513328,I,23
PARK7,V25I,NP_001116849:p.Val25Ile,"hg19,1:g.8022918G>A, hg38,1:g.7962858G>A",,3.1811421891e-05,0.154,"saturation,clinvar",-0.49413,0.31145,Neutral,2.735,3.028,,False,2.735,,neutral,neutral,neutral,uncertain,298119.0,Uncertain significance,1.0,98.86,H,-0.0572,1.4008,-2.5699,loss_of_function,-0.167213522467074,0.905637400507228,0.1219126822752575,Benign,0.1066,benign,https://doi.org/10.1101/2022.10.22.513328,I,25,NP_001116849:p.Val25Ile,"hg19,1:g.8022918G>A, hg38,1:g.7962858G>A",,3.1811421891e-05,0.154,"saturation,clinvar",-0.41136,0.31145,Neutral,2.735,3.028,,False,2.735,,neutral,neutral,neutral,uncertain,298119.0,Uncertain significance,1.0,98.86,H,-0.0572,1.4008,-2.5699,loss_of_function,-0.167213522467074,0.905637400507228,0.1219126822752575,Benign,0.1066,benign,https://doi.org/10.1101/2022.10.22.513328,I,25
PARK7,R28Q,NP_001116849:p.Arg28Gln,"hg19,1:g.8022928G>A, hg38,1:g.7962868G>A",0.0001278036935267,4.37414008382e-05,0.835,"cBioPortal,COSMIC,saturation,clinvar",0.53465,0.3548766666666667,Neutral,56.901,10.733,,True,56.901,,neutral,neutral,neutral,uncertain,1319906.0,Likely pathogenic,0.0,98.73,H,-0.3743,0.1086,-22.1825,loss_of_function,-3.36215136973241,0.6353855134021826,0.5431178413904684,Uncertain,0.9838,pathogenic,https://doi.org/10.1101/2022.10.22.513328,Q,28,NP_001116849:p.Arg28Gln,"hg19,1:g.8022928G>A, hg38,1:g.7962868G>A",0.0001278036935267,4.37414008382e-05,0.835,"cBioPortal,COSMIC,saturation,clinvar",0.57102,0.3548766666666667,Neutral,56.901,10.733,,True,56.901,,neutral,neutral,neutral,uncertain,1319906.0,Likely pathogenic,0.0,98.73,H,-0.3743,0.1086,-22.1825,loss_of_function,-3.36215136973241,0.6353855134021826,0.5431178413904684,Uncertain,0.9838,pathogenic,https://doi.org/10.1101/2022.10.22.513328,Q,28
PARK7,I31V,NP_001116849:p.Ile31Val,"hg19,1:g.8025384A>G, hg38,1:g.7965324A>G",,3.9763012446e-06,0.248,"saturation,clinvar",1.15969,0.9662133333333336,Neutral,1.076,1.266,,False,1.076,,neutral,neutral,neutral,neutral,874551.0,Uncertain significance,1.0,98.82,-,-0.0253,1.5378,-1.699,loss_of_function,-0.433038932358503,0.8831518868296704,0.0079767435185453,Benign,0.1824,benign,https://doi.org/10.1101/2022.10.22.513328,V,31,NP_001116849:p.Ile31Val,"hg19,1:g.8025384A>G, hg38,1:g.7965324A>G",,3.9763012446e-06,0.248,"saturation,clinvar",1.18744,0.9662133333333336,Neutral,1.076,1.266,,False,1.076,,neutral,neutral,neutral,neutral,874551.0,Uncertain significance,1.0,98.82,-,-0.0253,1.5378,-1.699,loss_of_function,-0.433038932358503,0.8831518868296704,0.0079767435185453,Benign,0.1824,benign,https://doi.org/10.1101/2022.10.22.513328,V,31
PARK7,T34I,NP_001116849:p.Thr34Ile,"hg19,1:g.8025394C>T, hg38,1:g.7965334C>T",3.186336987e-05,7.55497236471e-05,0.246,"cBioPortal,saturation,clinvar",-1.2066,-0.7835599999999999,Neutral,34.084,9.342,,False,34.084,,uncertain,,,neutral,806045.0,Uncertain significance,2.0,98.93,E,-0.1195,1.5096,-4.5502,loss_of_function,-0.14144663504566,0.907816957757902,0.3116273088158454,Benign,0.2491,benign,https://doi.org/10.1101/2022.10.22.513328,I,34,NP_001116849:p.Thr34Ile,"hg19,1:g.8025394C>T, hg38,1:g.7965334C>T",3.186336987e-05,7.55497236471e-05,0.246,"cBioPortal,saturation,clinvar",-1.0195,-0.7835599999999999,Neutral,34.084,9.342,,False,34.084,,uncertain,,,neutral,806045.0,Uncertain significance,2.0,98.93,E,-0.1195,1.5096,-4.5502,loss_of_function,-0.14144663504566,0.907816957757902,0.3116273088158454,Benign,0.2491,benign,https://doi.org/10.1101/2022.10.22.513328,I,34
PARK7,V35I,NP_001116849:p.Val35Ile,"hg19,1:g.8025396G>A, hg38,1:g.7965336G>A",6.36780438105e-05,8.35009980357e-05,0.114,"saturation,clinvar",-0.68229,0.1153066666666666,Neutral,2.509,2.658,,False,2.509,,neutral,neutral,neutral,neutral,2049252.0,Uncertain significance,1.0,98.94,E,0.0047,2.0444,-2.0266,gain_of_function,-0.0180323237310283,0.9182562689817798,0.0008227047813968,Benign,0.0818,benign,https://doi.org/10.1101/2022.10.22.513328,I,35,NP_001116849:p.Val35Ile,"hg19,1:g.8025396G>A, hg38,1:g.7965336G>A",6.36780438105e-05,8.35009980357e-05,0.114,"saturation,clinvar",-0.70795,0.1153066666666666,Neutral,2.509,2.658,,False,2.509,,neutral,neutral,neutral,neutral,2049252.0,Uncertain significance,1.0,98.94,E,0.0047,2.0444,-2.0266,gain_of_function,-0.0180323237310283,0.9182562689817798,0.0008227047813968,Benign,0.0818,benign,https://doi.org/10.1101/2022.10.22.513328,I,35
PARK7,A36E,NP_001116849:p.Ala36Glu,"hg19,1:g.8025400C>A",,,0.77,"cBioPortal,saturation",7.80205,7.164966666666667,Destabilizing,0.073,0.4,,False,0.073,,neutral,neutral,neutral,neutral,,,,98.94,E,-0.35,0.6291,-22.2332,loss_of_function,-6.01008909684757,0.4114030129907792,0.8737718574658402,Pathogenic,0.9977,pathogenic,https://doi.org/10.1101/2022.10.22.513328,E,36,NP_001116849:p.Ala36Glu,"hg19,1:g.8025400C>A",,,0.77,"cBioPortal,saturation",7.47833,7.164966666666667,Destabilizing,0.073,0.4,,False,0.073,,neutral,neutral,neutral,neutral,,,,98.94,E,-0.35,0.6291,-22.2332,loss_of_function,-6.01008909684757,0.4114030129907792,0.8737718574658402,Pathogenic,0.9977,pathogenic,https://doi.org/10.1101/2022.10.22.513328,E,36
PARK7,A39S,NP_001116849:p.Ala39Ser,"hg19,1:g.8025408G>T, hg38,1:g.7965348G>T",,,0.419,"saturation,clinvar",-0.24397,-0.0453533333333333,Neutral,82.94,18.688,,False,82.94,,neutral,neutral,neutral,uncertain,7069.0,Pathogenic,0.0,98.65,T,0.1227,3.5983,-3.2479,gain_of_function,-0.0600462026866451,0.9147024189179742,0.0093969689824332,Benign,0.0752,benign,https://doi.org/10.1101/2022.10.22.513328,S,39,NP_001116849:p.Ala39Ser,"hg19,1:g.8025408G>T, hg38,1:g.7965348G>T",,,0.419,"saturation,clinvar",-0.21078,-0.0453533333333333,Neutral,82.94,18.688,,False,82.94,,neutral,neutral,neutral,uncertain,7069.0,Pathogenic,0.0,98.65,T,0.1227,3.5983,-3.2479,gain_of_function,-0.0600462026866451,0.9147024189179742,0.0093969689824332,Benign,0.0752,benign,https://doi.org/10.1101/2022.10.22.513328,S,39
PARK7,Q45K,NP_001116849:p.Gln45Lys,"hg38,1:g.7965366C>A",,,0.258,"COSMIC,saturation",-0.13859,0.4695,Neutral,85.741,26.357,,False,85.741,,neutral,neutral,neutral,neutral,,,,98.9,E,0.0281,2.7654,-1.3381,gain_of_function,-0.403691863445753,0.8856342827740739,0.004395802298934,Benign,0.1064,benign,https://doi.org/10.1101/2022.10.22.513328,K,45,NP_001116849:p.Gln45Lys,"hg38,1:g.7965366C>A",,,0.258,"COSMIC,saturation",-0.42908,0.4695,Neutral,85.741,26.357,,False,85.741,,neutral,neutral,neutral,neutral,,,,98.9,E,0.0281,2.7654,-1.3381,gain_of_function,-0.403691863445753,0.8856342827740739,0.004395802298934,Benign,0.1064,benign,https://doi.org/10.1101/2022.10.22.513328,K,45
PARK7,S47R,NP_001116849:p.Ser47Arg,"hg19,1:g.8025434C>G, hg38,1:g.7965374C>A, hg38,1:g.7965374C>G",,,0.595,"COSMIC,saturation,clinvar",-0.23175,0.26338,Neutral,95.137,21.168,P,False,95.137,0.402,damaging,neutral,uncertain,neutral,3208653.0,Uncertain significance,1.0,98.43,T,-0.2084,0.9384,-6.6293,loss_of_function,-2.13158814734384,0.7394758115396654,0.2086772584817645,Benign,0.9913,pathogenic,https://doi.org/10.1101/2022.10.22.513328,R,47,NP_001116849:p.Ser47Arg,"hg19,1:g.8025434C>G, hg38,1:g.7965374C>A, hg38,1:g.7965374C>G",,,0.595,"COSMIC,saturation,clinvar",-0.02902,0.26338,Neutral,95.137,21.168,P,False,95.137,0.402,damaging,neutral,uncertain,neutral,3208653.0,Uncertain significance,1.0,98.43,T,-0.2084,0.9384,-6.6293,loss_of_function,-2.13158814734384,0.7394758115396654,0.2086772584817645,Benign,0.9913,pathogenic,https://doi.org/10.1101/2022.10.22.513328,R,47
PARK7,R48H,NP_001116849:p.Arg48His,"hg19,1:g.8025436G>A, hg38,1:g.7965376G>A",3.18329407271e-05,2.78336660119e-05,0.485,"cBioPortal,COSMIC,saturation",0.73435,0.9706366666666668,Neutral,59.391,19.644,,False,59.391,,neutral,neutral,neutral,uncertain,,,,98.74,T,-0.2323,0.7208,-6.3663,loss_of_function,-1.86531459860695,0.761999232173308,0.0545020922290644,Benign,0.8439,pathogenic,https://doi.org/10.1101/2022.10.22.513328,H,48,NP_001116849:p.Arg48His,"hg19,1:g.8025436G>A, hg38,1:g.7965376G>A",3.18329407271e-05,2.78336660119e-05,0.485,"cBioPortal,COSMIC,saturation",0.52808,0.9706366666666668,Neutral,59.391,19.644,,False,59.391,,neutral,neutral,neutral,uncertain,,,,98.74,T,-0.2323,0.7208,-6.3663,loss_of_function,-1.86531459860695,0.761999232173308,0.0545020922290644,Benign,0.8439,pathogenic,https://doi.org/10.1101/2022.10.22.513328,H,48
PARK7,I52V,NP_001116849:p.Ile52Val,"hg19,1:g.8025447A>G, hg38,1:g.7965387A>G",,3.9762380017e-06,0.358,"cBioPortal,COSMIC,saturation",1.08792,0.6886633333333334,Neutral,13.202,8.866,,False,13.202,,neutral,neutral,neutral,uncertain,,,,98.89,E,-0.0569,1.2774,-3.1964,loss_of_function,-0.345855967429504,0.890526478111827,0.036916141836761,Benign,0.2318,benign,https://doi.org/10.1101/2022.10.22.513328,V,52,NP_001116849:p.Ile52Val,"hg19,1:g.8025447A>G, hg38,1:g.7965387A>G",,3.9762380017e-06,0.358,"cBioPortal,COSMIC,saturation",1.04618,0.6886633333333334,Neutral,13.202,8.866,,False,13.202,,neutral,neutral,neutral,uncertain,,,,98.89,E,-0.0569,1.2774,-3.1964,loss_of_function,-0.345855967429504,0.890526478111827,0.036916141836761,Benign,0.2318,benign,https://doi.org/10.1101/2022.10.22.513328,V,52
PARK7,A56T,NP_001116849:p.Ala56Thr,"hg19,1:g.8025459G>A, hg38,1:g.7965399G>A",0.0044580308240988,0.001089497876672,0.057,"saturation,clinvar",0.70488,0.65408,Neutral,36.417,10.47,,True,36.417,,neutral,neutral,neutral,uncertain,703804.0,Benign/Likely benign,2.0,98.76,E,0.0696,3.0281,-2.2117,gain_of_function,-0.0431216846377189,0.9161340220225482,0.012631921905383,Benign,0.0703,benign,https://doi.org/10.1101/2022.10.22.513328,T,56,NP_001116849:p.Ala56Thr,"hg19,1:g.8025459G>A, hg38,1:g.7965399G>A",0.0044580308240988,0.001089497876672,0.057,"saturation,clinvar",0.71308,0.65408,Neutral,36.417,10.47,,True,36.417,,neutral,neutral,neutral,uncertain,703804.0,Benign/Likely benign,2.0,98.76,E,0.0696,3.0281,-2.2117,gain_of_function,-0.0431216846377189,0.9161340220225482,0.012631921905383,Benign,0.0703,benign,https://doi.org/10.1101/2022.10.22.513328,T,56
PARK7,A56V,NP_001116849:p.Ala56Val,"hg19,1:g.8025460C>T, hg38,1:g.7965400C>T",,,0.101,"saturation,clinvar",0.60926,0.06667,Neutral,36.417,10.47,,True,36.417,,neutral,neutral,neutral,uncertain,2331855.0,Uncertain significance,1.0,98.76,E,0.0677,3.0281,-3.1582,gain_of_function,-0.0974401007866503,0.9115393616032944,0.0266723626983508,Benign,0.0903,benign,https://doi.org/10.1101/2022.10.22.513328,V,56,NP_001116849:p.Ala56Val,"hg19,1:g.8025460C>T, hg38,1:g.7965400C>T",,,0.101,"saturation,clinvar",0.41341,0.06667,Neutral,36.417,10.47,,True,36.417,,neutral,neutral,neutral,uncertain,2331855.0,Uncertain significance,1.0,98.76,E,0.0677,3.0281,-3.1582,gain_of_function,-0.0974401007866503,0.9115393616032944,0.0266723626983508,Benign,0.0903,benign,https://doi.org/10.1101/2022.10.22.513328,V,56
PARK7,E59Q,NP_001116849:p.Glu59Gln,"hg19,1:g.8025468G>C, hg38,1:g.7965408G>C",,,0.445,"cBioPortal,COSMIC,saturation",0.54391,0.70329,Neutral,82.328,9.089,,False,82.328,,neutral,neutral,neutral,neutral,,,,98.69,H,0.0521,2.7805,-4.7158,gain_of_function,-0.413159711695991,0.8848334209173584,0.1168017733907569,Benign,0.1676,benign,https://doi.org/10.1101/2022.10.22.513328,Q,59,NP_001116849:p.Glu59Gln,"hg19,1:g.8025468G>C, hg38,1:g.7965408G>C",,,0.445,"cBioPortal,COSMIC,saturation",0.32241,0.70329,Neutral,82.328,9.089,,False,82.328,,neutral,neutral,neutral,neutral,,,,98.69,H,0.0521,2.7805,-4.7158,gain_of_function,-0.413159711695991,0.8848334209173584,0.1168017733907569,Benign,0.1676,benign,https://doi.org/10.1101/2022.10.22.513328,Q,59
PARK7,A61E,NP_001116849:p.Ala61Glu,"hg38,1:g.7965415C>A",3.25839035516e-05,,0.586,"COSMIC,saturation",3.10766,6.2706366666666655,Destabilizing,3.371,3.321,,False,3.371,,neutral,neutral,neutral,uncertain,,,,98.71,H,-0.1636,1.8625,-7.9395,loss_of_function,-2.70180573406937,0.6912425167965576,0.6004282772198637,Uncertain,0.9626,pathogenic,https://doi.org/10.1101/2022.10.22.513328,E,61,NP_001116849:p.Ala61Glu,"hg38,1:g.7965415C>A",3.25839035516e-05,,0.586,"COSMIC,saturation",3.44702,6.2706366666666655,Destabilizing,3.371,3.321,,False,3.371,,neutral,neutral,neutral,uncertain,,,,98.71,H,-0.1636,1.8625,-7.9395,loss_of_function,-2.70180573406937,0.6912425167965576,0.6004282772198637,Uncertain,0.9626,pathogenic,https://doi.org/10.1101/2022.10.22.513328,E,61
PARK7,E64D,NP_001116849:p.Glu64Asp,"hg19,1:g.8025485G>C, hg38,1:g.7965425G>C",3.18451054073e-05,,0.361,"saturation,clinvar",0.09095,0.1823133333333333,Neutral,76.676,9.649,,True,76.676,,neutral,neutral,neutral,uncertain,7067.0,Pathogenic,0.0,98.38,T,0.1142,3.292,-3.1074,gain_of_function,-0.646314721623584,0.8651114155347308,,,0.1072,benign,https://doi.org/10.1101/2022.10.22.513328,D,64,NP_001116849:p.Glu64Asp,"hg19,1:g.8025485G>C, hg38,1:g.7965425G>C",3.18451054073e-05,,0.361,"saturation,clinvar",-0.161,0.1823133333333333,Neutral,76.676,9.649,,True,76.676,,neutral,neutral,neutral,uncertain,7067.0,Pathogenic,0.0,98.38,T,0.1142,3.292,-3.1074,gain_of_function,-0.646314721623584,0.8651114155347308,,,0.1072,benign,https://doi.org/10.1101/2022.10.22.513328,D,64
PARK7,V70L,NP_001116849:p.Val70Leu,"hg38,1:g.7969360G>C",,,0.403,"COSMIC,saturation",0.1415,1.70601,Neutral,0.157,0.411,,True,0.157,,neutral,neutral,neutral,neutral,,,,98.95,E,-0.1394,1.2943,-4.0,loss_of_function,-1.4292532437524,0.79888458321195,0.1689309502708696,Benign,0.6523,pathogenic,https://doi.org/10.1101/2022.10.22.513328,L,70,NP_001116849:p.Val70Leu,"hg38,1:g.7969360G>C",,,0.403,"COSMIC,saturation",-0.21116,1.70601,Neutral,0.157,0.411,,True,0.157,,neutral,neutral,neutral,neutral,,,,98.95,E,-0.1394,1.2943,-4.0,loss_of_function,-1.4292532437524,0.79888458321195,0.1689309502708696,Benign,0.6523,pathogenic,https://doi.org/10.1101/2022.10.22.513328,L,70
PARK7,G75S,NP_001116849:p.Gly75Ser,"hg19,1:g.8029435G>A, hg38,1:g.7969375G>A",,,0.957,"saturation,clinvar",6.35086,3.718253333333333,Destabilizing,20.979,19.04,,False,20.979,,neutral,neutral,neutral,neutral,298120.0,Uncertain significance,1.0,98.48,-,-0.3125,0.101,-8.9511,loss_of_function,-6.19735033441797,0.3955630482545813,0.475383762630427,Uncertain,0.9877,pathogenic,https://doi.org/10.1101/2022.10.22.513328,S,75,NP_001116849:p.Gly75Ser,"hg19,1:g.8029435G>A, hg38,1:g.7969375G>A",,,0.957,"saturation,clinvar",10.04489,3.718253333333333,Destabilizing,20.979,19.04,,False,20.979,,neutral,neutral,neutral,neutral,298120.0,Uncertain significance,1.0,98.48,-,-0.3125,0.101,-8.9511,loss_of_function,-6.19735033441797,0.3955630482545813,0.475383762630427,Uncertain,0.9877,pathogenic,https://doi.org/10.1101/2022.10.22.513328,S,75
PARK7,G78D,NP_001116849:p.Gly78Asp,"hg19,1:g.8029445G>A, hg38,1:g.7969385G>A",,,0.957,"saturation,clinvar",8.85634,7.20465,Destabilizing,1.5,2.254,,False,1.5,,neutral,neutral,neutral,neutral,1365948.0,Uncertain significance,1.0,98.82,H,-0.4119,0.3482,-22.2332,loss_of_function,-3.75075796756652,0.6025142428402117,0.2340401326742587,Benign,0.9969,pathogenic,https://doi.org/10.1101/2022.10.22.513328,D,78,NP_001116849:p.Gly78Asp,"hg19,1:g.8029445G>A, hg38,1:g.7969385G>A",,,0.957,"saturation,clinvar",5.65236,7.20465,Destabilizing,1.5,2.254,,False,1.5,,neutral,neutral,neutral,neutral,1365948.0,Uncertain significance,1.0,98.82,H,-0.4119,0.3482,-22.2332,loss_of_function,-3.75075796756652,0.6025142428402117,0.2340401326742587,Benign,0.9969,pathogenic,https://doi.org/10.1101/2022.10.22.513328,D,78
PARK7,Q80K,NP_001116849:p.Gln80Lys,"hg38,1:g.7969390C>A",,,0.286,"COSMIC,saturation",-0.19614,0.2555566666666666,Neutral,77.325,13.035,,False,77.325,,neutral,neutral,neutral,neutral,,,,98.81,H,0.0201,2.7064,-1.8398,gain_of_function,-1.54506936521089,0.7890879840674206,0.0069946834038993,Benign,0.1267,benign,https://doi.org/10.1101/2022.10.22.513328,K,80,NP_001116849:p.Gln80Lys,"hg38,1:g.7969390C>A",,,0.286,"COSMIC,saturation",-0.13207,0.2555566666666666,Neutral,77.325,13.035,,False,77.325,,neutral,neutral,neutral,neutral,,,,98.81,H,0.0201,2.7064,-1.8398,gain_of_function,-1.54506936521089,0.7890879840674206,0.0069946834038993,Benign,0.1267,benign,https://doi.org/10.1101/2022.10.22.513328,K,80
PARK7,E84K,NP_001116849:p.Glu84Lys,"hg19,1:g.8029462G>A, hg38,1:g.7969402G>A",,0.0,0.279,"cBioPortal,COSMIC,saturation",-0.89424,-0.0348066666666666,Neutral,88.552,8.132,,False,88.552,,neutral,neutral,neutral,uncertain,,,,98.79,H,0.0143,2.8023,-2.822,gain_of_function,-1.31852548021115,0.8082507707506394,0.047322199135539,Benign,0.219,benign,https://doi.org/10.1101/2022.10.22.513328,K,84,NP_001116849:p.Glu84Lys,"hg19,1:g.8029462G>A, hg38,1:g.7969402G>A",,0.0,0.279,"cBioPortal,COSMIC,saturation",-0.9497,-0.0348066666666666,Neutral,88.552,8.132,,False,88.552,,neutral,neutral,neutral,uncertain,,,,98.79,H,0.0143,2.8023,-2.822,gain_of_function,-1.31852548021115,0.8082507707506394,0.047322199135539,Benign,0.219,benign,https://doi.org/10.1101/2022.10.22.513328,K,84
PARK7,S85C,NP_001116849:p.Ser85Cys,"hg19,1:g.8030955C>G",,3.9766491164e-06,0.54,"cBioPortal,saturation",0.01515,-0.0710866666666666,Neutral,21.933,4.997,,False,21.933,,uncertain,,,uncertain,,,,98.84,-,-0.1163,1.4117,-5.6235,loss_of_function,-1.83605514898943,0.7644742166183288,0.416028856956737,Uncertain,0.1325,benign,https://doi.org/10.1101/2022.10.22.513328,C,85,NP_001116849:p.Ser85Cys,"hg19,1:g.8030955C>G",,3.9766491164e-06,0.54,"cBioPortal,saturation",0.13312,-0.0710866666666666,Neutral,21.933,4.997,,False,21.933,,uncertain,,,uncertain,,,,98.84,-,-0.1163,1.4117,-5.6235,loss_of_function,-1.83605514898943,0.7644742166183288,0.416028856956737,Uncertain,0.1325,benign,https://doi.org/10.1101/2022.10.22.513328,C,85
PARK7,S85P,NP_001116849:p.Ser85Pro,"hg19,1:g.8030954T>C, hg38,1:g.7970894T>C",,,0.801,"saturation,clinvar",4.26548,5.569953333333333,Destabilizing,21.933,4.997,,False,21.933,,uncertain,,,uncertain,1338986.0,Uncertain significance,1.0,98.84,-,-0.304,1.4117,-22.2332,loss_of_function,-5.17887426069112,0.4817134192646499,0.6989898911298439,Pathogenic,0.9928,pathogenic,https://doi.org/10.1101/2022.10.22.513328,P,85,NP_001116849:p.Ser85Pro,"hg19,1:g.8030954T>C, hg38,1:g.7970894T>C",,,0.801,"saturation,clinvar",4.49299,5.569953333333333,Destabilizing,21.933,4.997,,False,21.933,,uncertain,,,uncertain,1338986.0,Uncertain significance,1.0,98.84,-,-0.304,1.4117,-22.2332,loss_of_function,-5.17887426069112,0.4817134192646499,0.6989898911298439,Pathogenic,0.9928,pathogenic,https://doi.org/10.1101/2022.10.22.513328,P,85
PARK7,I91V,NP_001116849:p.Ile91Val,"hg19,1:g.8030972A>G, hg38,1:g.7970912A>G",,,0.189,"saturation,clinvar",1.23861,0.8850333333333333,Neutral,4.915,3.64,,True,4.915,,neutral,neutral,neutral,neutral,1468432.0,Uncertain significance,1.0,98.87,H,0.0255,2.1322,-2.4565,gain_of_function,-0.0709891277652227,0.9137767839622064,0.0112746703951796,Benign,0.1273,benign,https://doi.org/10.1101/2022.10.22.513328,V,91,NP_001116849:p.Ile91Val,"hg19,1:g.8030972A>G, hg38,1:g.7970912A>G",,,0.189,"saturation,clinvar",1.10349,0.8850333333333333,Neutral,4.915,3.64,,True,4.915,,neutral,neutral,neutral,neutral,1468432.0,Uncertain significance,1.0,98.87,H,0.0255,2.1322,-2.4565,gain_of_function,-0.0709891277652227,0.9137767839622064,0.0112746703951796,Benign,0.1273,benign,https://doi.org/10.1101/2022.10.22.513328,V,91
PARK7,R98Q,NP_001116849:p.Arg98Gln,"hg19,1:g.8030994G>A, hg38,1:g.7970934G>A",0.0056043816074385,0.0078891698875475,0.202,"saturation,clinvar",0.57214,0.3817466666666667,Neutral,65.483,11.91,,False,65.483,,neutral,neutral,neutral,uncertain,465831.0,Benign/Likely benign,2.0,98.64,T,-0.0066,3.1193,-4.416,loss_of_function,-0.105091677175581,0.9108921336892344,0.0454873444593802,Benign,0.1402,benign,https://doi.org/10.1101/2022.10.22.513328,Q,98,NP_001116849:p.Arg98Gln,"hg19,1:g.8030994G>A, hg38,1:g.7970934G>A",0.0056043816074385,0.0078891698875475,0.202,"saturation,clinvar",0.79446,0.3817466666666667,Neutral,65.483,11.91,,False,65.483,,neutral,neutral,neutral,uncertain,465831.0,Benign/Likely benign,2.0,98.64,T,-0.0066,3.1193,-4.416,loss_of_function,-0.105091677175581,0.9108921336892344,0.0454873444593802,Benign,0.1402,benign,https://doi.org/10.1101/2022.10.22.513328,Q,98
PARK7,R98W,NP_001116849:p.Arg98Trp,"hg19,1:g.8030992_8030993delinsTT, hg19,1:g.8030993C>T, hg38,1:g.7970933C>T",,1.59055844507e-05,0.439,"cBioPortal,COSMIC,saturation",0.65448,0.4794799999999999,Neutral,65.483,11.91,,False,65.483,,neutral,neutral,neutral,uncertain,,,,98.64,T,-0.0646,3.1193,-7.3546,loss_of_function,-1.03895580201919,0.8318988780756058,0.2800828809880453,Benign,0.5266,ambiguous,https://doi.org/10.1101/2022.10.22.513328,W,98,NP_001116849:p.Arg98Trp,"hg19,1:g.8030992_8030993delinsTT, hg19,1:g.8030993C>T, hg38,1:g.7970933C>T",,1.59055844507e-05,0.439,"cBioPortal,COSMIC,saturation",0.8444,0.4794799999999999,Neutral,65.483,11.91,,False,65.483,,neutral,neutral,neutral,uncertain,,,,98.64,T,-0.0646,3.1193,-7.3546,loss_of_function,-1.03895580201919,0.8318988780756058,0.2800828809880453,Benign,0.5266,ambiguous,https://doi.org/10.1101/2022.10.22.513328,W,98
PARK7,K99R,NP_001116849:p.Lys99Arg,"hg38,1:g.7970937A>G",,,0.536,"COSMIC,saturation",0.44546,0.1484133333333333,Neutral,79.024,5.53,,False,79.024,,neutral,neutral,neutral,uncertain,,,,98.71,T,0.0284,2.2671,-7.3663,gain_of_function,-2.12973143615613,0.7396328661448802,0.248691192189429,Benign,0.1078,benign,https://doi.org/10.1101/2022.10.22.513328,R,99,NP_001116849:p.Lys99Arg,"hg38,1:g.7970937A>G",,,0.536,"COSMIC,saturation",0.34342,0.1484133333333333,Neutral,79.024,5.53,,False,79.024,,neutral,neutral,neutral,uncertain,,,,98.71,T,0.0284,2.2671,-7.3663,gain_of_function,-2.12973143615613,0.7396328661448802,0.248691192189429,Benign,0.1078,benign,https://doi.org/10.1101/2022.10.22.513328,R,99
PARK7,A103N,NP_001116849:p.Ala103Asn,"hg19,1:g.8031008_8031009delinsAA",,,,"cBioPortal,saturation",3.95185,3.17154,Destabilizing,0.001,0.015,,False,0.001,,neutral,neutral,neutral,neutral,,,,98.97,E,-0.3233,0.7547,-22.2419,loss_of_function,-8.03215098478956,0.2403618011790209,0.9646957174641052,Pathogenic,0.9967,pathogenic,https://doi.org/10.1101/2022.10.22.513328,N,103,NP_001116849:p.Ala103Asn,"hg19,1:g.8031008_8031009delinsAA",,,,"cBioPortal,saturation",3.64403,3.17154,Destabilizing,0.001,0.015,,False,0.001,,neutral,neutral,neutral,neutral,,,,98.97,E,-0.3233,0.7547,-22.2419,loss_of_function,-8.03215098478956,0.2403618011790209,0.9646957174641052,Pathogenic,0.9967,pathogenic,https://doi.org/10.1101/2022.10.22.513328,N,103
PARK7,A103S,NP_001116849:p.Ala103Ser,"hg38,1:g.7970948G>T",,,0.687,"COSMIC,saturation",1.53836,1.6012466666666665,Neutral,0.001,0.015,,False,0.001,,neutral,neutral,neutral,uncertain,,,,98.97,E,-0.1549,0.7547,-6.3692,loss_of_function,-2.60847942848554,0.6991367580639302,0.584273440429572,Uncertain,0.5106,ambiguous,https://doi.org/10.1101/2022.10.22.513328,S,103,NP_001116849:p.Ala103Ser,"hg38,1:g.7970948G>T",,,0.687,"COSMIC,saturation",1.62424,1.6012466666666665,Neutral,0.001,0.015,,False,0.001,,neutral,neutral,neutral,uncertain,,,,98.97,E,-0.1549,0.7547,-6.3692,loss_of_function,-2.60847942848554,0.6991367580639302,0.584273440429572,Uncertain,0.5106,ambiguous,https://doi.org/10.1101/2022.10.22.513328,S,103
PARK7,A103T,NP_001116849:p.Ala103Thr,"hg19,1:g.8031008G>A",,,0.789,"cBioPortal,saturation",1.18475,0.8589566666666667,Neutral,0.001,0.015,,False,0.001,,neutral,neutral,neutral,neutral,,,,98.97,E,-0.174,0.7547,-8.9541,loss_of_function,-2.7146039430012,0.690159947970265,0.5935911161537749,Uncertain,0.9104,pathogenic,https://doi.org/10.1101/2022.10.22.513328,T,103,NP_001116849:p.Ala103Thr,"hg19,1:g.8031008G>A",,,0.789,"cBioPortal,saturation",1.37631,0.8589566666666667,Neutral,0.001,0.015,,False,0.001,,neutral,neutral,neutral,neutral,,,,98.97,E,-0.174,0.7547,-8.9541,loss_of_function,-2.7146039430012,0.690159947970265,0.5935911161537749,Uncertain,0.9104,pathogenic,https://doi.org/10.1101/2022.10.22.513328,T,103
PARK7,A104T,NP_001116849:p.Ala104Thr,"hg19,1:g.8031011G>A, hg38,1:g.7970951G>A",0.0001273479783508,0.0003857196255736,0.864,"cBioPortal,saturation,clinvar",0.40674,0.8358266666666667,Neutral,3.424,4.817,,False,3.424,,neutral,neutral,neutral,neutral,642328.0,Uncertain significance,2.0,98.94,E,-0.1737,0.6299,-6.6322,loss_of_function,-2.32818400582553,0.7228462543177028,0.6621220924905902,Uncertain,0.886,pathogenic,https://doi.org/10.1101/2022.10.22.513328,T,104,NP_001116849:p.Ala104Thr,"hg19,1:g.8031011G>A, hg38,1:g.7970951G>A",0.0001273479783508,0.0003857196255736,0.864,"cBioPortal,saturation,clinvar",1.23481,0.8358266666666667,Neutral,3.424,4.817,,False,3.424,,neutral,neutral,neutral,neutral,642328.0,Uncertain significance,2.0,98.94,E,-0.1737,0.6299,-6.6322,loss_of_function,-2.32818400582553,0.7228462543177028,0.6621220924905902,Uncertain,0.886,pathogenic,https://doi.org/10.1101/2022.10.22.513328,T,104
PARK7,G108S,NP_001116849:p.Gly108Ser,"hg19,1:g.8031023G>A, hg38,1:g.7970963G>A",,3.9767440011e-06,0.709,"saturation,clinvar",3.36623,4.144103333333334,Destabilizing,31.993,27.9,,True,31.993,,neutral,neutral,neutral,neutral,1334459.0,Pathogenic,1.0,98.82,T,-0.1902,1.2086,-4.9571,loss_of_function,-1.99447759790933,0.751073653656814,0.1182021451574902,Benign,0.8091,pathogenic,https://doi.org/10.1101/2022.10.22.513328,S,108,NP_001116849:p.Gly108Ser,"hg19,1:g.8031023G>A, hg38,1:g.7970963G>A",,3.9767440011e-06,0.709,"saturation,clinvar",4.15936,4.144103333333334,Destabilizing,31.993,27.9,,True,31.993,,neutral,neutral,neutral,neutral,1334459.0,Pathogenic,1.0,98.82,T,-0.1902,1.2086,-4.9571,loss_of_function,-1.99447759790933,0.751073653656814,0.1182021451574902,Benign,0.8091,pathogenic,https://doi.org/10.1101/2022.10.22.513328,S,108
PARK7,T110A,NP_001116849:p.Thr110Ala,"hg19,1:g.8037717A>G, hg38,1:g.7977657A>G",6.368615463e-05,0.0001034298944219,0.615,"saturation,clinvar",-0.10908,0.2858266666666667,Neutral,56.462,27.441,,True,56.462,,uncertain,,,neutral,1519810.0,Uncertain significance,2.0,98.85,H,-0.0298,2.2032,-4.5502,loss_of_function,-1.75116398879817,0.7716549498084475,0.3631548906854281,Uncertain,0.2607,benign,https://doi.org/10.1101/2022.10.22.513328,A,110,NP_001116849:p.Thr110Ala,"hg19,1:g.8037717A>G, hg38,1:g.7977657A>G",6.368615463e-05,0.0001034298944219,0.615,"saturation,clinvar",0.21496,0.2858266666666667,Neutral,56.462,27.441,,True,56.462,,uncertain,,,neutral,1519810.0,Uncertain significance,2.0,98.85,H,-0.0298,2.2032,-4.5502,loss_of_function,-1.75116398879817,0.7716549498084475,0.3631548906854281,Uncertain,0.2607,benign,https://doi.org/10.1101/2022.10.22.513328,A,110
PARK7,L113F,NP_001116849:p.Leu113Phe,"hg38,1:g.7977668G>T",,,0.462,"COSMIC,saturation",0.59925,0.1285733333333333,Neutral,34.15,13.075,,True,34.15,,neutral,neutral,neutral,neutral,,,,98.83,H,-0.0211,2.7254,-6.3575,loss_of_function,-1.74477510126469,0.7721953699965595,0.2449610896624706,Benign,0.3896,ambiguous,https://doi.org/10.1101/2022.10.22.513328,F,113,NP_001116849:p.Leu113Phe,"hg38,1:g.7977668G>T",,,0.462,"COSMIC,saturation",1.35452,0.1285733333333333,Neutral,34.15,13.075,,True,34.15,,neutral,neutral,neutral,neutral,,,,98.83,H,-0.0211,2.7254,-6.3575,loss_of_function,-1.74477510126469,0.7721953699965595,0.2449610896624706,Benign,0.3896,ambiguous,https://doi.org/10.1101/2022.10.22.513328,F,113
PARK7,H126R,NP_001116849:p.His126Arg,"hg19,1:g.8037766A>G, hg38,1:g.7977706A>G",,,0.898,"saturation,clinvar",0.10761,1.6631533333333337,Neutral,53.129,16.245,,True,53.129,,neutral,neutral,neutral,neutral,1334461.0,Uncertain significance,1.0,98.84,-,-0.2127,1.3117,-22.2273,loss_of_function,-5.3581770287984,0.4665466417682968,0.8027570836816562,Pathogenic,0.9962,pathogenic,https://doi.org/10.1101/2022.10.22.513328,R,126,NP_001116849:p.His126Arg,"hg19,1:g.8037766A>G, hg38,1:g.7977706A>G",,,0.898,"saturation,clinvar",0.73109,1.6631533333333337,Neutral,53.129,16.245,,True,53.129,,neutral,neutral,neutral,neutral,1334461.0,Uncertain significance,1.0,98.84,-,-0.2127,1.3117,-22.2273,loss_of_function,-5.3581770287984,0.4665466417682968,0.8027570836816562,Pathogenic,0.9962,pathogenic,https://doi.org/10.1101/2022.10.22.513328,R,126
PARK7,L128F,NP_001116849:p.Leu128Phe,"hg19,1:g.8037770_8037771delinsGT",,,,"cBioPortal,saturation",-0.02158,0.7782333333333334,Neutral,93.275,5.802,,True,93.275,,neutral,neutral,neutral,uncertain,,,,98.61,G,-0.0371,2.6381,-7.9158,loss_of_function,-2.76190236140151,0.6861590917906343,0.2024989213093403,Benign,0.3139,benign,https://doi.org/10.1101/2022.10.22.513328,F,128,NP_001116849:p.Leu128Phe,"hg19,1:g.8037770_8037771delinsGT",,,,"cBioPortal,saturation",-0.00466,0.7782333333333334,Neutral,93.275,5.802,,True,93.275,,neutral,neutral,neutral,uncertain,,,,98.61,G,-0.0371,2.6381,-7.9158,loss_of_function,-2.76190236140151,0.6861590917906343,0.2024989213093403,Benign,0.3139,benign,https://doi.org/10.1101/2022.10.22.513328,F,128
PARK7,K132R,NP_001116849:p.Lys132Arg,"hg19,1:g.8037784A>G, hg38,1:g.7977724A>G",,,0.402,"saturation,clinvar",0.17434,-0.11508,Neutral,76.974,17.973,,False,76.974,,neutral,neutral,neutral,uncertain,1419175.0,Uncertain significance,1.0,98.59,H,0.0605,2.5472,-6.1234,gain_of_function,-0.122790469553032,0.9093950366350364,0.3314642058794095,Uncertain,0.1097,benign,https://doi.org/10.1101/2022.10.22.513328,R,132,NP_001116849:p.Lys132Arg,"hg19,1:g.8037784A>G, hg38,1:g.7977724A>G",,,0.402,"saturation,clinvar",0.16687,-0.11508,Neutral,76.974,17.973,,False,76.974,,neutral,neutral,neutral,uncertain,1419175.0,Uncertain significance,1.0,98.59,H,0.0605,2.5472,-6.1234,gain_of_function,-0.122790469553032,0.9093950366350364,0.3314642058794095,Uncertain,0.1097,benign,https://doi.org/10.1101/2022.10.22.513328,R,132
PARK7,R145C,NP_001116849:p.Arg145Cys,"hg19,1:g.8044977C>T, hg38,1:g.7984917C>T",,7.9529819706e-06,0.686,"cBioPortal,COSMIC,saturation",0.64968,1.6509066666666667,Neutral,63.044,8.344,,False,63.044,,neutral,neutral,neutral,uncertain,,,,98.79,S,-0.2061,2.3075,-22.1825,loss_of_function,-2.50009184243242,0.7083049957793174,0.8117048786392362,Pathogenic,0.8152,pathogenic,https://doi.org/10.1101/2022.10.22.513328,C,145,NP_001116849:p.Arg145Cys,"hg19,1:g.8044977C>T, hg38,1:g.7984917C>T",,7.9529819706e-06,0.686,"cBioPortal,COSMIC,saturation",0.46764,1.6509066666666667,Neutral,63.044,8.344,,False,63.044,,neutral,neutral,neutral,uncertain,,,,98.79,S,-0.2061,2.3075,-22.1825,loss_of_function,-2.50009184243242,0.7083049957793174,0.8117048786392362,Pathogenic,0.8152,pathogenic,https://doi.org/10.1101/2022.10.22.513328,C,145
PARK7,R145S,NP_001116849:p.Arg145Ser,"hg19,1:g.8044977C>A, hg38,1:g.7984917C>A",,,0.572,"saturation,clinvar",0.79686,1.2004566666666665,Neutral,63.044,8.344,,False,63.044,,neutral,neutral,neutral,uncertain,1711206.0,Uncertain significance,1.0,98.79,S,-0.1111,2.3075,-5.1944,loss_of_function,-1.63496256689019,0.781484140564631,0.2220933688579545,Benign,0.9595,pathogenic,https://doi.org/10.1101/2022.10.22.513328,S,145,NP_001116849:p.Arg145Ser,"hg19,1:g.8044977C>A, hg38,1:g.7984917C>A",,,0.572,"saturation,clinvar",0.72045,1.2004566666666665,Neutral,63.044,8.344,,False,63.044,,neutral,neutral,neutral,uncertain,1711206.0,Uncertain significance,1.0,98.79,S,-0.1111,2.3075,-5.1944,loss_of_function,-1.63496256689019,0.781484140564631,0.2220933688579545,Benign,0.9595,pathogenic,https://doi.org/10.1101/2022.10.22.513328,S,145
PARK7,V146G,NP_001116849:p.Val146Gly,"hg19,1:g.8044981T>G, hg38,1:g.7984921T>G",,1.59059639412e-05,0.888,"saturation,clinvar",3.41637,4.13277,Destabilizing,19.199,8.993,,False,19.199,,neutral,neutral,neutral,uncertain,1425067.0,Uncertain significance,1.0,98.88,E,-0.4463,0.3288,-22.1916,loss_of_function,-5.64295262749583,0.4424581785090433,0.9384358082987334,Pathogenic,0.9092,pathogenic,https://doi.org/10.1101/2022.10.22.513328,G,146,NP_001116849:p.Val146Gly,"hg19,1:g.8044981T>G, hg38,1:g.7984921T>G",,1.59059639412e-05,0.888,"saturation,clinvar",3.10048,4.13277,Destabilizing,19.199,8.993,,False,19.199,,neutral,neutral,neutral,uncertain,1425067.0,Uncertain significance,1.0,98.88,E,-0.4463,0.3288,-22.1916,loss_of_function,-5.64295262749583,0.4424581785090433,0.9384358082987334,Pathogenic,0.9092,pathogenic,https://doi.org/10.1101/2022.10.22.513328,G,146
PARK7,V146M,NP_001116849:p.Val146Met,"hg19,1:g.8044980G>A, hg38,1:g.7984920G>A",,3.9765226105e-06,0.761,"saturation,clinvar",0.70092,1.6521533333333334,Neutral,19.199,8.993,,False,19.199,,neutral,neutral,neutral,uncertain,871045.0,Uncertain significance,1.0,98.88,E,-0.3302,0.3288,-22.1916,loss_of_function,-3.28136060221058,0.6422194045222017,0.8126409830706341,Pathogenic,0.9003,pathogenic,https://doi.org/10.1101/2022.10.22.513328,M,146,NP_001116849:p.Val146Met,"hg19,1:g.8044980G>A, hg38,1:g.7984920G>A",,3.9765226105e-06,0.761,"saturation,clinvar",0.31519,1.6521533333333334,Neutral,19.199,8.993,,False,19.199,,neutral,neutral,neutral,uncertain,871045.0,Uncertain significance,1.0,98.88,E,-0.3302,0.3288,-22.1916,loss_of_function,-3.28136060221058,0.6422194045222017,0.8126409830706341,Pathogenic,0.9003,pathogenic,https://doi.org/10.1101/2022.10.22.513328,M,146
PARK7,D149A,NP_001116849:p.Asp149Ala,"hg19,1:g.8044990A>C, hg38,1:g.7984930A>C",0.0006050570027387,0.0001391738639436,0.93,"saturation,clinvar",0.1053,0.79354,Neutral,57.573,16.063,,False,57.573,,neutral,neutral,neutral,neutral,7066.0,Likely benign,1.0,98.84,E,-0.1774,0.9373,-5.5789,loss_of_function,-3.44715561461415,0.6281952146579073,0.8012018701842564,Pathogenic,0.7599,pathogenic,https://doi.org/10.1101/2022.10.22.513328,A,149,NP_001116849:p.Asp149Ala,"hg19,1:g.8044990A>C, hg38,1:g.7984930A>C",0.0006050570027387,0.0001391738639436,0.93,"saturation,clinvar",0.72166,0.79354,Neutral,57.573,16.063,,False,57.573,,neutral,neutral,neutral,neutral,7066.0,Likely benign,1.0,98.84,E,-0.1774,0.9373,-5.5789,loss_of_function,-3.44715561461415,0.6281952146579073,0.8012018701842564,Pathogenic,0.7599,pathogenic,https://doi.org/10.1101/2022.10.22.513328,A,149
PARK7,T154A,NP_001116849:p.Thr154Ala,"hg19,1:g.8045004A>G, hg38,1:g.7984944A>G",,7.9527922254e-06,0.96,"saturation,clinvar",1.56031,1.7227899999999998,Neutral,2.099,2.298,P,False,2.099,9.655,uncertain,damaging,uncertain,neutral,1119998.0,Likely pathogenic,1.0,98.96,E,-0.3098,0.1378,-22.1825,loss_of_function,-4.63919444931942,0.527363599151728,0.9049534869949832,Pathogenic,0.9676,pathogenic,https://doi.org/10.1101/2022.10.22.513328,A,154,NP_001116849:p.Thr154Ala,"hg19,1:g.8045004A>G, hg38,1:g.7984944A>G",,7.9527922254e-06,0.96,"saturation,clinvar",1.70488,1.7227899999999998,Neutral,2.099,2.298,P,False,2.099,9.655,uncertain,damaging,uncertain,neutral,1119998.0,Likely pathogenic,1.0,98.96,E,-0.3098,0.1378,-22.1825,loss_of_function,-4.63919444931942,0.527363599151728,0.9049534869949832,Pathogenic,0.9676,pathogenic,https://doi.org/10.1101/2022.10.22.513328,A,154
PARK7,T154I,NP_001116849:p.Thr154Ile,"hg38,1:g.7984945C>T",,,0.976,"COSMIC,saturation",0.12956,1.9068,Neutral,2.099,2.298,P,False,2.099,9.655,uncertain,damaging,uncertain,neutral,,,,98.96,E,-0.2628,0.1378,-7.8948,loss_of_function,-5.31311733905379,0.4703581294303406,0.9182852016851024,Pathogenic,0.9965,pathogenic,https://doi.org/10.1101/2022.10.22.513328,I,154,NP_001116849:p.Thr154Ile,"hg38,1:g.7984945C>T",,,0.976,"COSMIC,saturation",1.82514,1.9068,Neutral,2.099,2.298,P,False,2.099,9.655,uncertain,damaging,uncertain,neutral,,,,98.96,E,-0.2628,0.1378,-7.8948,loss_of_function,-5.31311733905379,0.4703581294303406,0.9182852016851024,Pathogenic,0.9965,pathogenic,https://doi.org/10.1101/2022.10.22.513328,I,154
PARK7,R156Q,NP_001116849:p.Arg156Gln,"hg19,1:g.8045011G>A, hg38,1:g.7984951G>A",3.18369945877e-05,1.59067229765e-05,0.505,"cBioPortal,COSMIC,saturation",0.50889,0.6509066666666666,Neutral,26.781,9.14,,False,26.781,,neutral,neutral,neutral,uncertain,,,,98.89,-,-0.202,0.9252,-3.1339,loss_of_function,-1.53339950385946,0.7900751087638143,0.1737394071762538,Benign,0.607,pathogenic,https://doi.org/10.1101/2022.10.22.513328,Q,156,NP_001116849:p.Arg156Gln,"hg19,1:g.8045011G>A, hg38,1:g.7984951G>A",3.18369945877e-05,1.59067229765e-05,0.505,"cBioPortal,COSMIC,saturation",0.81998,0.6509066666666666,Neutral,26.781,9.14,,False,26.781,,neutral,neutral,neutral,uncertain,,,,98.89,-,-0.202,0.9252,-3.1339,loss_of_function,-1.53339950385946,0.7900751087638143,0.1737394071762538,Benign,0.607,pathogenic,https://doi.org/10.1101/2022.10.22.513328,Q,156
PARK7,S161T,NP_001116849:p.Ser161Thr,"hg19,1:g.8045026G>C, hg38,1:g.7984966G>C",,,0.501,"saturation,clinvar",-0.11897,0.0006799999999999,Neutral,6.766,6.982,,True,6.766,,neutral,,,uncertain,1943858.0,Uncertain significance,1.0,98.84,H,-0.0446,1.4415,-3.8383,loss_of_function,-1.34411800529629,0.8060859623785573,0.0429432731166039,Benign,0.2729,benign,https://doi.org/10.1101/2022.10.22.513328,T,161,NP_001116849:p.Ser161Thr,"hg19,1:g.8045026G>C, hg38,1:g.7984966G>C",,,0.501,"saturation,clinvar",0.39664,0.0006799999999999,Neutral,6.766,6.982,,True,6.766,,neutral,,,uncertain,1943858.0,Uncertain significance,1.0,98.84,H,-0.0446,1.4415,-3.8383,loss_of_function,-1.34411800529629,0.8060859623785573,0.0429432731166039,Benign,0.2729,benign,https://doi.org/10.1101/2022.10.22.513328,T,161
PARK7,E163K,NP_001116849:p.Glu163Lys,,,,,saturation,0.74901,1.2176866666666666,Neutral,55.073,14.434,,True,55.073,,neutral,neutral,neutral,uncertain,,,,98.84,H,-0.0543,2.2641,-6.5546,loss_of_function,-0.998586902880508,0.8353135833669529,0.3475735263487674,Uncertain,0.9556,pathogenic,https://doi.org/10.1101/2022.10.22.513328,K,163,NP_001116849:p.Glu163Lys,,,,,saturation,0.7631,1.2176866666666666,Neutral,55.073,14.434,,True,55.073,,neutral,neutral,neutral,uncertain,,,,98.84,H,-0.0543,2.2641,-6.5546,loss_of_function,-0.998586902880508,0.8353135833669529,0.3475735263487674,Uncertain,0.9556,pathogenic,https://doi.org/10.1101/2022.10.22.513328,K,163
PARK7,F164C,NP_001116849:p.Phe164Cys,"hg19,1:g.8045035T>G, hg38,1:g.7984975T>G",,,0.964,"cBioPortal,COSMIC,saturation",4.43348,4.91905,Destabilizing,0.015,0.093,,True,0.015,,neutral,neutral,neutral,uncertain,,,,98.91,H,-0.3945,0.2449,-22.1642,loss_of_function,-3.30637792377888,0.640103251192354,0.854014248782853,Pathogenic,0.9911,pathogenic,https://doi.org/10.1101/2022.10.22.513328,C,164,NP_001116849:p.Phe164Cys,"hg19,1:g.8045035T>G, hg38,1:g.7984975T>G",,,0.964,"cBioPortal,COSMIC,saturation",4.26471,4.91905,Destabilizing,0.015,0.093,,True,0.015,,neutral,neutral,neutral,uncertain,,,,98.91,H,-0.3945,0.2449,-22.1642,loss_of_function,-3.30637792377888,0.640103251192354,0.854014248782853,Pathogenic,0.9911,pathogenic,https://doi.org/10.1101/2022.10.22.513328,C,164
PARK7,L166P,NP_001116849:p.Leu166Pro,"hg19,1:g.8045041T>C, hg38,1:g.7984981T>C",,,0.848,"saturation,clinvar",6.31581,10.460543333333334,Destabilizing,13.271,4.569,,False,13.271,,neutral,neutral,neutral,neutral,7064.0,Pathogenic,0.0,98.86,H,-0.4462,0.6118,-22.1519,loss_of_function,-4.46518095973847,0.5420829696650663,0.8047659261636187,Pathogenic,0.9929,pathogenic,https://doi.org/10.1101/2022.10.22.513328,P,166,NP_001116849:p.Leu166Pro,"hg19,1:g.8045041T>C, hg38,1:g.7984981T>C",,,0.848,"saturation,clinvar",5.99485,10.460543333333334,Destabilizing,13.271,4.569,,False,13.271,,neutral,neutral,neutral,neutral,7064.0,Pathogenic,0.0,98.86,H,-0.4462,0.6118,-22.1519,loss_of_function,-4.46518095973847,0.5420829696650663,0.8047659261636187,Pathogenic,0.9929,pathogenic,https://doi.org/10.1101/2022.10.22.513328,P,166
PARK7,A167G,NP_001116849:p.Ala167Gly,"hg19,1:g.8045044C>G, hg38,1:g.7984984C>G",,,0.365,"saturation,clinvar",1.47297,1.84184,Neutral,10.922,8.335,,False,10.922,,neutral,neutral,neutral,uncertain,298123.0,Uncertain significance,2.0,98.89,H,-0.043,2.4217,-8.8578,loss_of_function,-2.34241404416905,0.7216425705843227,0.1810181859456655,Benign,0.2107,benign,https://doi.org/10.1101/2022.10.22.513328,G,167,NP_001116849:p.Ala167Gly,"hg19,1:g.8045044C>G, hg38,1:g.7984984C>G",,,0.365,"saturation,clinvar",1.38001,1.84184,Neutral,10.922,8.335,,False,10.922,,neutral,neutral,neutral,uncertain,298123.0,Uncertain significance,2.0,98.89,H,-0.043,2.4217,-8.8578,loss_of_function,-2.34241404416905,0.7216425705843227,0.1810181859456655,Benign,0.2107,benign,https://doi.org/10.1101/2022.10.22.513328,G,167
PARK7,I168S,NP_001116849:p.Ile168Ser,"hg19,1:g.8045047T>G",,,0.721,"cBioPortal,saturation",4.02087,4.71474,Destabilizing,0.032,0.125,,False,0.032,,neutral,neutral,neutral,neutral,,,,98.91,H,-0.3627,1.1268,-22.1426,loss_of_function,-3.07170519266013,0.6599536368551678,0.8448500467242297,Pathogenic,0.968,pathogenic,https://doi.org/10.1101/2022.10.22.513328,S,168,NP_001116849:p.Ile168Ser,"hg19,1:g.8045047T>G",,,0.721,"cBioPortal,saturation",4.03417,4.71474,Destabilizing,0.032,0.125,,False,0.032,,neutral,neutral,neutral,neutral,,,,98.91,H,-0.3627,1.1268,-22.1426,loss_of_function,-3.07170519266013,0.6599536368551678,0.8448500467242297,Pathogenic,0.968,pathogenic,https://doi.org/10.1101/2022.10.22.513328,S,168
PARK7,I168V,NP_001116849:p.Ile168Val,"hg19,1:g.8045046A>G, hg38,1:g.7984986A>G",,2.78349941547e-05,0.497,"cBioPortal,saturation,clinvar",1.24602,1.2992066666666666,Neutral,0.032,0.125,,False,0.032,,neutral,neutral,neutral,neutral,875474.0,Uncertain significance,2.0,98.91,H,-0.0802,1.1268,-5.0475,loss_of_function,-0.447839445336905,0.8818999480584797,0.276994759635748,Benign,0.1145,benign,https://doi.org/10.1101/2022.10.22.513328,V,168,NP_001116849:p.Ile168Val,"hg19,1:g.8045046A>G, hg38,1:g.7984986A>G",,2.78349941547e-05,0.497,"cBioPortal,saturation,clinvar",1.13739,1.2992066666666666,Neutral,0.032,0.125,,False,0.032,,neutral,neutral,neutral,neutral,875474.0,Uncertain significance,2.0,98.91,H,-0.0802,1.1268,-5.0475,loss_of_function,-0.447839445336905,0.8818999480584797,0.276994759635748,Benign,0.1145,benign,https://doi.org/10.1101/2022.10.22.513328,V,168
PARK7,V169F,NP_001116849:p.Val169Phe,"hg19,1:g.8045049G>T, hg38,1:g.7984989G>T",,,0.692,"cBioPortal,saturation,clinvar",13.12796,8.723353333333334,Destabilizing,0.006,0.062,,False,0.006,,neutral,neutral,neutral,uncertain,1256194.0,Uncertain significance,1.0,98.87,H,-0.2921,1.4724,-22.1395,loss_of_function,-4.46794317834578,0.5418493204277701,0.9405207446171464,Pathogenic,0.9817,pathogenic,https://doi.org/10.1101/2022.10.22.513328,F,169,NP_001116849:p.Val169Phe,"hg19,1:g.8045049G>T, hg38,1:g.7984989G>T",,,0.692,"cBioPortal,saturation,clinvar",13.05317,8.723353333333334,Destabilizing,0.006,0.062,,False,0.006,,neutral,neutral,neutral,uncertain,1256194.0,Uncertain significance,1.0,98.87,H,-0.2921,1.4724,-22.1395,loss_of_function,-4.46794317834578,0.5418493204277701,0.9405207446171464,Pathogenic,0.9817,pathogenic,https://doi.org/10.1101/2022.10.22.513328,F,169
PARK7,A171S,NP_001116849:p.Ala171Ser,"hg19,1:g.8045055G>T, hg38,1:g.7984995G>T",,3.9766491164e-06,0.238,"saturation,clinvar",0.62609,0.64093,Neutral,35.675,10.106,,False,35.675,,neutral,neutral,neutral,uncertain,582678.0,Uncertain significance,1.0,98.69,H,0.0865,3.4283,-7.2667,gain_of_function,-0.207608446909298,0.90222049379985,0.2826977482569799,Benign,0.1095,benign,https://doi.org/10.1101/2022.10.22.513328,S,171,NP_001116849:p.Ala171Ser,"hg19,1:g.8045055G>T, hg38,1:g.7984995G>T",,3.9766491164e-06,0.238,"saturation,clinvar",0.7024,0.64093,Neutral,35.675,10.106,,False,35.675,,neutral,neutral,neutral,uncertain,582678.0,Uncertain significance,1.0,98.69,H,0.0865,3.4283,-7.2667,gain_of_function,-0.207608446909298,0.90222049379985,0.2826977482569799,Benign,0.1095,benign,https://doi.org/10.1101/2022.10.22.513328,S,171
PARK7,A171V,NP_001116849:p.Ala171Val,"hg19,1:g.8045056C>T, hg38,1:g.7984996C>T",,,0.198,"cBioPortal,COSMIC,saturation",0.08026,-0.3274366666666666,Neutral,35.675,10.106,,False,35.675,,neutral,neutral,neutral,neutral,,,,98.69,H,0.0972,3.4283,-4.6038,gain_of_function,0.0589023382917397,0.9247639816789884,0.0627171963726274,Benign,0.1143,benign,https://doi.org/10.1101/2022.10.22.513328,V,171,NP_001116849:p.Ala171Val,"hg19,1:g.8045056C>T, hg38,1:g.7984996C>T",,,0.198,"cBioPortal,COSMIC,saturation",0.00301,-0.3274366666666666,Neutral,35.675,10.106,,False,35.675,,neutral,neutral,neutral,neutral,,,,98.69,H,0.0972,3.4283,-4.6038,gain_of_function,0.0589023382917397,0.9247639816789884,0.0627171963726274,Benign,0.1143,benign,https://doi.org/10.1101/2022.10.22.513328,V,171
PARK7,L172M,NP_001116849:p.Leu172Met,"hg19,1:g.8045058C>A, hg38,1:g.7984998C>A",,,0.716,"cBioPortal,COSMIC,saturation",0.20909,1.0300466666666666,Neutral,9.779,4.103,,False,9.779,,neutral,neutral,neutral,uncertain,,,,98.59,H,-0.1908,0.4721,-6.0413,loss_of_function,-2.03671000642452,0.7475013187182828,0.5127657523073994,Uncertain,0.3177,benign,https://doi.org/10.1101/2022.10.22.513328,M,172,NP_001116849:p.Leu172Met,"hg19,1:g.8045058C>A, hg38,1:g.7984998C>A",,,0.716,"cBioPortal,COSMIC,saturation",0.16524,1.0300466666666666,Neutral,9.779,4.103,,False,9.779,,neutral,neutral,neutral,uncertain,,,,98.59,H,-0.1908,0.4721,-6.0413,loss_of_function,-2.03671000642452,0.7475013187182828,0.5127657523073994,Uncertain,0.3177,benign,https://doi.org/10.1101/2022.10.22.513328,M,172
PARK7,K175T,NP_001116849:p.Lys175Thr,"hg38,1:g.7985008A>C",,,0.368,"COSMIC,saturation",0.42354,0.2870766666666666,Neutral,83.466,4.703,,False,83.466,,neutral,neutral,neutral,uncertain,,,,98.4,H,-0.0084,2.7034,-5.1165,loss_of_function,-1.04654332793203,0.8312570680328351,0.2576924382348242,Benign,0.128,benign,https://doi.org/10.1101/2022.10.22.513328,T,175,NP_001116849:p.Lys175Thr,"hg38,1:g.7985008A>C",,,0.368,"COSMIC,saturation",0.25061,0.2870766666666666,Neutral,83.466,4.703,,False,83.466,,neutral,neutral,neutral,uncertain,,,,98.4,H,-0.0084,2.7034,-5.1165,loss_of_function,-1.04654332793203,0.8312570680328351,0.2576924382348242,Benign,0.128,benign,https://doi.org/10.1101/2022.10.22.513328,T,175
PARK7,A178V,NP_001116849:p.Ala178Val,"hg19,1:g.8045077C>T, hg38,1:g.7985017C>T",,1.19308962489e-05,0.362,"cBioPortal,COSMIC,saturation",1.78964,0.3388899999999999,Neutral,9.474,4.636,,False,9.474,,neutral,neutral,neutral,uncertain,,,,98.67,H,-0.0532,1.7274,-3.389,loss_of_function,-0.659291691186494,0.8640137257889716,0.045451909554278,Benign,0.1405,benign,https://doi.org/10.1101/2022.10.22.513328,V,178,NP_001116849:p.Ala178Val,"hg19,1:g.8045077C>T, hg38,1:g.7985017C>T",,1.19308962489e-05,0.362,"cBioPortal,COSMIC,saturation",1.18581,0.3388899999999999,Neutral,9.474,4.636,,False,9.474,,neutral,neutral,neutral,uncertain,,,,98.67,H,-0.0532,1.7274,-3.389,loss_of_function,-0.659291691186494,0.8640137257889716,0.045451909554278,Benign,0.1405,benign,https://doi.org/10.1101/2022.10.22.513328,V,178
PARK7,A179T,NP_001116849:p.Ala179Thr,"hg19,1:g.8045079G>A, hg38,1:g.7985019G>A",0.0007641365257259,0.0005727012408527,0.127,"COSMIC,saturation,clinvar",0.61823,0.1041966666666666,Neutral,62.46,9.867,,False,62.46,,neutral,neutral,neutral,neutral,854701.0,Uncertain significance,2.0,98.57,H,0.0818,3.313,-4.9575,gain_of_function,-0.0664757069356568,0.9141585630623956,0.0119293481867328,Benign,0.09,benign,https://doi.org/10.1101/2022.10.22.513328,T,179,NP_001116849:p.Ala179Thr,"hg19,1:g.8045079G>A, hg38,1:g.7985019G>A",0.0007641365257259,0.0005727012408527,0.127,"COSMIC,saturation,clinvar",0.61032,0.1041966666666666,Neutral,62.46,9.867,,False,62.46,,neutral,neutral,neutral,neutral,854701.0,Uncertain significance,2.0,98.57,H,0.0818,3.313,-4.9575,gain_of_function,-0.0664757069356568,0.9141585630623956,0.0119293481867328,Benign,0.09,benign,https://doi.org/10.1101/2022.10.22.513328,T,179
PARK7,P184S,NP_001116849:p.Pro184Ser,"hg19,1:g.8045094C>T, hg38,1:g.7985034C>T",,,0.564,"cBioPortal,COSMIC,saturation",1.21476,-1.1564633333333332,Neutral,61.819,9.068,,True,61.819,,neutral,neutral,neutral,neutral,,,,98.52,G,-0.0391,2.2018,-5.4558,loss_of_function,-0.889294095326577,0.8445583915292588,,,0.5577,ambiguous,https://doi.org/10.1101/2022.10.22.513328,S,184,NP_001116849:p.Pro184Ser,"hg19,1:g.8045094C>T, hg38,1:g.7985034C>T",,,0.564,"cBioPortal,COSMIC,saturation",1.43703,-1.1564633333333332,Neutral,61.819,9.068,,True,61.819,,neutral,neutral,neutral,neutral,,,,98.52,G,-0.0391,2.2018,-5.4558,loss_of_function,-0.889294095326577,0.8445583915292588,,,0.5577,ambiguous,https://doi.org/10.1101/2022.10.22.513328,S,184
PARK7,V186F,NP_001116849:p.Val186Phe,"hg38,1:g.7985040G>T",,,0.384,"COSMIC,saturation",-0.09905,0.4786833333333333,Neutral,102.993,32.12,,True,102.993,,neutral,neutral,neutral,uncertain,,,,98.14,T,-0.1748,1.8673,-6.2668,loss_of_function,-2.46486827463806,0.7112844702235999,,,0.437,ambiguous,https://doi.org/10.1101/2022.10.22.513328,F,186,NP_001116849:p.Val186Phe,"hg38,1:g.7985040G>T",,,0.384,"COSMIC,saturation",-0.37086,0.4786833333333333,Neutral,102.993,32.12,,True,102.993,,neutral,neutral,neutral,uncertain,,,,98.14,T,-0.1748,1.8673,-6.2668,loss_of_function,-2.46486827463806,0.7112844702235999,,,0.437,ambiguous,https://doi.org/10.1101/2022.10.22.513328,F,186
PARK7,L187V,NP_001116849:p.Leu187Val,"hg38,1:g.7985043C>G",,,0.201,"COSMIC,saturation",0.92863,0.5625866666666667,Neutral,74.697,28.395,,True,74.697,,neutral,neutral,neutral,uncertain,,,,97.97,-,-0.0405,2.0512,-2.5134,loss_of_function,-0.221266919585916,0.9010651573919796,,,0.1992,benign,https://doi.org/10.1101/2022.10.22.513328,V,187,NP_001116849:p.Leu187Val,"hg38,1:g.7985043C>G",,,0.201,"COSMIC,saturation",0.92954,0.5625866666666667,Neutral,74.697,28.395,,True,74.697,,neutral,neutral,neutral,uncertain,,,,97.97,-,-0.0405,2.0512,-2.5134,loss_of_function,-0.221266919585916,0.9010651573919796,,,0.1992,benign,https://doi.org/10.1101/2022.10.22.513328,V,187
