protein,Mutation,HGVSp_x,HGVSg_x,gnomAD genome allele frequency_x,gnomAD exome allele frequency_x,REVEL score_x,Mutation sources_x,"Stability (FoldX5, kcal/mol) [md]_x","Stability (Rosetta Cartddg2020, kcal/mol) [md]_x","Stability (RaSP, kcal/mol) [md]_x","Stability classification, (Rosetta, FoldX) [md]_1000ns","Stability classification, (RaSP, FoldX) [md]_x","Stability (FoldX5, kcal/mol) [cabsflex]_x","Stability (Rosetta Cartddg2020, kcal/mol) [cabsflex]_x","Stability (RaSP, kcal/mol) [cabsflex]_x","Stability classification, (Rosetta, FoldX) [cabsflex]_x","Stability classification, (RaSP, FoldX) [cabsflex]_x",Relative Side Chain Solvent Accessibility in wild-type (average) [md]_x,Relative Side Chain Solvent Accessibility in wild-type (standard deviation) [md]_x,Relative Side Chain Solvent Accessibility in wild-type (average) [cabsflex]_x,Relative Side Chain Solvent Accessibility in wild-type (standard deviation) [cabsflex]_x,PTMs [md]_x,is site part of phospho-SLiM [md]_x,PTM residue SASA (%) [md]_x,"Change in stability with PTM (FoldX5, kcal/mol) [md]_x",PTM effect in regulation [md]_x,PTM effect in stability [md]_x,PTM effect in function [md]_x,PTMs [cabsflex]_x,is site part of phospho-SLiM [cabsflex]_x,PTM residue SASA (%) [cabsflex]_x,"Change in stability with PTM (FoldX5, kcal/mol) [cabsflex]_x",PTM effect in regulation [cabsflex]_x,PTM effect in stability [cabsflex]_x,PTM effect in function [cabsflex]_x,AlloSigma2-PSN classification [md]_x,ClinVar Variation ID_x,ClinVar Interpretation_x,ClinVar Review Status_x,AlphaFold2 model pLDDT score_x,AlphaFold2 model secondary structure_x,DeMaSk delta fitness_x,DeMaSk Shannon entropy_x,DeMaSk log2 variant frequency_x,DeMaSk predicted consequence_x,GEMME Score_x,GEMME Score (rank-normalized)_x,AlphaMissense pathogenicity score_x,AlphaMissense classification_x,References_x,Mut_res_x,Position_x,HGVSp_y,HGVSg_y,gnomAD genome allele frequency_y,gnomAD exome allele frequency_y,REVEL score_y,Mutation sources_y,"Stability (FoldX5, kcal/mol) [md]_y","Stability (Rosetta Cartddg2020, kcal/mol) [md]_y","Stability (RaSP, kcal/mol) [md]_y","Stability classification, (Rosetta, FoldX) [md]_100ns","Stability classification, (RaSP, FoldX) [md]_y","Stability (FoldX5, kcal/mol) [cabsflex]_y","Stability (Rosetta Cartddg2020, kcal/mol) [cabsflex]_y","Stability (RaSP, kcal/mol) [cabsflex]_y","Stability classification, (Rosetta, FoldX) [cabsflex]_y","Stability classification, (RaSP, FoldX) [cabsflex]_y",Relative Side Chain Solvent Accessibility in wild-type (average) [md]_y,Relative Side Chain Solvent Accessibility in wild-type (standard deviation) [md]_y,Relative Side Chain Solvent Accessibility in wild-type (average) [cabsflex]_y,Relative Side Chain Solvent Accessibility in wild-type (standard deviation) [cabsflex]_y,PTMs [md]_y,is site part of phospho-SLiM [md]_y,PTM residue SASA (%) [md]_y,"Change in stability with PTM (FoldX5, kcal/mol) [md]_y",PTM effect in regulation [md]_y,PTM effect in stability [md]_y,PTM effect in function [md]_y,PTMs [cabsflex]_y,is site part of phospho-SLiM [cabsflex]_y,PTM residue SASA (%) [cabsflex]_y,"Change in stability with PTM (FoldX5, kcal/mol) [cabsflex]_y",PTM effect in regulation [cabsflex]_y,PTM effect in stability [cabsflex]_y,PTM effect in function [cabsflex]_y,AlloSigma2-PSN classification [md]_y,ClinVar Variation ID_y,ClinVar Interpretation_y,ClinVar Review Status_y,AlphaFold2 model pLDDT score_y,AlphaFold2 model secondary structure_y,DeMaSk delta fitness_y,DeMaSk Shannon entropy_y,DeMaSk log2 variant frequency_y,DeMaSk predicted consequence_y,GEMME Score_y,GEMME Score (rank-normalized)_y,AlphaMissense pathogenicity score_y,AlphaMissense classification_y,References_y,Mut_res_y,Position_y
MEFV,M1L,NP_000234:p.Met1Leu,"hg19,16:g.3306587T>G, hg38,16:g.3256587T>G",,3.9784527002e-06,0.373,"saturation,clinvar",0.53401,0.5445566666666667,-0.2009651407947913,Neutral,Neutral,0.22808,0.02415,-0.3431469649382161,Neutral,Neutral,35.071,34.88,84.49,16.579,,True,35.071,,neutral,neutral,neutral,,True,84.49,,neutral,neutral,neutral,uncertain,2198878,Uncertain significance,1,44.66,-,-0.2723,0.0005,-19.5732,loss_of_function,-1.85418823133182,0.678303866819512,0.2849,benign,https://doi.org/10.1101/2022.10.22.513328,L,1,NP_000234:p.Met1Leu,"hg19,16:g.3306587T>G, hg38,16:g.3256587T>G",,3.9784527002e-06,0.373,"saturation,clinvar",0.25135,0.5445566666666667,-0.2009651407947913,Neutral,Neutral,0.22808,0.02415,-0.3431469649382161,Neutral,Neutral,35.071,34.88,84.49,16.579,,True,35.071,,neutral,neutral,neutral,,True,84.49,,neutral,neutral,neutral,uncertain,2198878,Uncertain significance,1,44.66,-,-0.2723,0.0005,-19.5732,loss_of_function,-1.85418823133182,0.678303866819512,0.2849,benign,https://doi.org/10.1101/2022.10.22.513328,L,1
MEFV,A2G,NP_000234:p.Ala2Gly,"hg19,16:g.3306583G>C, hg38,16:g.3256583G>C",,,0.229,"saturation,clinvar",0.27835,-0.1539699999999999,0.4453247993927038,Neutral,Neutral,-0.61241,0.5420633333333333,0.6384996219209017,Neutral,Neutral,82.352,28.07,81.225,23.88,,True,82.352,,neutral,neutral,neutral,,True,81.225,,neutral,neutral,neutral,uncertain,950460,Uncertain significance,2,55.1,-,-0.2123,1.1762,-19.5732,loss_of_function,-1.70509493158367,0.6963833014776555,0.1533,benign,https://doi.org/10.1101/2022.10.22.513328,G,2,NP_000234:p.Ala2Gly,"hg19,16:g.3306583G>C, hg38,16:g.3256583G>C",,,0.229,"saturation,clinvar",0.12313,-0.1539699999999999,0.4453247993927038,Neutral,Neutral,-0.61241,0.5420633333333333,0.6384996219209017,Neutral,Neutral,82.352,28.07,81.225,23.88,,True,82.352,,neutral,neutral,neutral,,True,81.225,,neutral,neutral,neutral,uncertain,950460,Uncertain significance,2,55.1,-,-0.2123,1.1762,-19.5732,loss_of_function,-1.70509493158367,0.6963833014776555,0.1533,benign,https://doi.org/10.1101/2022.10.22.513328,G,2
MEFV,A2T,NP_000234:p.Ala2Thr,"hg19,16:g.3306584C>T",,,0.246,"cBioPortal,saturation",0.14381,0.3911566666666666,0.2639276885849266,Neutral,Neutral,0.47242,0.25204,0.2070922142002373,Neutral,Neutral,82.352,28.07,81.225,23.88,,True,82.352,,neutral,neutral,neutral,,True,81.225,,neutral,neutral,neutral,uncertain,,,,55.1,-,-0.1165,1.1762,-5.2854,loss_of_function,-1.21467428603516,0.7558529626306132,0.1435,benign,https://doi.org/10.1101/2022.10.22.513328,T,2,NP_000234:p.Ala2Thr,"hg19,16:g.3306584C>T",,,0.246,"cBioPortal,saturation",0.48727,0.3911566666666666,0.2639276885849266,Neutral,Neutral,0.47242,0.25204,0.2070922142002373,Neutral,Neutral,82.352,28.07,81.225,23.88,,True,82.352,,neutral,neutral,neutral,,True,81.225,,neutral,neutral,neutral,uncertain,,,,55.1,-,-0.1165,1.1762,-5.2854,loss_of_function,-1.21467428603516,0.7558529626306132,0.1435,benign,https://doi.org/10.1101/2022.10.22.513328,T,2
MEFV,K3N,NP_000234:p.Lys3Asn,"hg19,16:g.3306579C>G, hg38,16:g.3256579C>G",,,0.084,"cBioPortal,COSMIC,saturation",0.57105,0.4295899999999999,0.104494363151292,Neutral,Neutral,0.23162,0.99365,0.0902607677184243,Neutral,Neutral,64.989,14.765,67.04,17.4,,True,64.989,,neutral,neutral,neutral,,True,67.04,,neutral,neutral,neutral,uncertain,,,,68.31,-,-0.1672,0.9457,-5.2854,loss_of_function,-1.74005985413571,0.6921433655873473,0.5017,ambiguous,https://doi.org/10.1101/2022.10.22.513328,N,3,NP_000234:p.Lys3Asn,"hg19,16:g.3306579C>G, hg38,16:g.3256579C>G",,,0.084,"cBioPortal,COSMIC,saturation",0.86287,0.4295899999999999,0.104494363151292,Neutral,Neutral,0.23162,0.99365,0.0902607677184243,Neutral,Neutral,64.989,14.765,67.04,17.4,,True,64.989,,neutral,neutral,neutral,,True,67.04,,neutral,neutral,neutral,uncertain,,,,68.31,-,-0.1672,0.9457,-5.2854,loss_of_function,-1.74005985413571,0.6921433655873473,0.5017,ambiguous,https://doi.org/10.1101/2022.10.22.513328,N,3
MEFV,T4A,NP_000234:p.Thr4Ala,"hg19,16:g.3306578T>C, hg38,16:g.3256578T>C",,,0.219,"saturation,clinvar",0.6061,-0.3784599999999999,0.6197293404520724,Neutral,Neutral,0.09358,-1.1446733333333332,0.2116335526956677,Neutral,Neutral,81.011,19.06,46.185,15.6,,True,81.011,,uncertain,,,,True,46.185,,uncertain,,,uncertain,2102387,Uncertain significance,1,78.74,-,-0.1771,0.6986,-6.2853,loss_of_function,-1.59185791275101,0.7101147118517387,0.1867,benign,https://doi.org/10.1101/2022.10.22.513328,A,4,NP_000234:p.Thr4Ala,"hg19,16:g.3306578T>C, hg38,16:g.3256578T>C",,,0.219,"saturation,clinvar",0.12209,-0.3784599999999999,0.6197293404520724,Neutral,Neutral,0.09358,-1.1446733333333332,0.2116335526956677,Neutral,Neutral,81.011,19.06,46.185,15.6,,True,81.011,,uncertain,,,,True,46.185,,uncertain,,,uncertain,2102387,Uncertain significance,1,78.74,-,-0.1771,0.6986,-6.2853,loss_of_function,-1.59185791275101,0.7101147118517387,0.1867,benign,https://doi.org/10.1101/2022.10.22.513328,A,4
MEFV,S6G,NP_000234:p.Ser6Gly,"hg19,16:g.3306572T>C, hg38,16:g.3256572T>C",,,0.050,"cBioPortal,COSMIC,saturation",0.46717,0.8388866666666667,1.1705884674070897,Neutral,Neutral,-1.44234,0.5487533333333333,0.9129454964595708,Neutral,Neutral,29.261,12.169,40.075,18.072,P,True,29.261,0.375,damaging,neutral,potentially_damaging,P,True,40.075,1.384,damaging,neutral,potentially_damaging,uncertain,,,,78.67,H,-0.1099,0.9127,-3.4781,loss_of_function,-2.32978347594862,0.6206319716820521,0.0759,benign,https://doi.org/10.1101/2022.10.22.513328,G,6,NP_000234:p.Ser6Gly,"hg19,16:g.3306572T>C, hg38,16:g.3256572T>C",,,0.050,"cBioPortal,COSMIC,saturation",0.44103,0.8388866666666667,1.1705884674070897,Neutral,Neutral,-1.44234,0.5487533333333333,0.9129454964595708,Neutral,Neutral,29.261,12.169,40.075,18.072,P,True,29.261,0.375,damaging,neutral,potentially_damaging,P,True,40.075,1.384,damaging,neutral,potentially_damaging,uncertain,,,,78.67,H,-0.1099,0.9127,-3.4781,loss_of_function,-2.32978347594862,0.6206319716820521,0.0759,benign,https://doi.org/10.1101/2022.10.22.513328,G,6
MEFV,S6R,NP_000234:p.Ser6Arg,"hg19,16:g.3306570A>T, hg38,16:g.3256570A>T",,,0.086,"saturation,clinvar",-0.88419,-0.7227900000000002,-0.5449118179637783,Neutral,Neutral,-0.04037,0.1238066666666666,-0.0452991092763532,Neutral,Neutral,29.261,12.169,40.075,18.072,P,True,29.261,0.375,damaging,neutral,potentially_damaging,P,True,40.075,1.384,damaging,neutral,potentially_damaging,uncertain,234346,Uncertain significance,1,78.67,H,-0.1988,0.9127,-4.2854,loss_of_function,-2.22780766274464,0.6329978194743187,0.3196,benign,https://doi.org/10.1101/2022.10.22.513328,R,6,NP_000234:p.Ser6Arg,"hg19,16:g.3306570A>T, hg38,16:g.3256570A>T",,,0.086,"saturation,clinvar",-1.01539,-0.7227900000000002,-0.5449118179637783,Neutral,Neutral,-0.04037,0.1238066666666666,-0.0452991092763532,Neutral,Neutral,29.261,12.169,40.075,18.072,P,True,29.261,0.375,damaging,neutral,potentially_damaging,P,True,40.075,1.384,damaging,neutral,potentially_damaging,uncertain,234346,Uncertain significance,1,78.67,H,-0.1988,0.9127,-4.2854,loss_of_function,-2.22780766274464,0.6329978194743187,0.3196,benign,https://doi.org/10.1101/2022.10.22.513328,R,6
MEFV,S11C,NP_000234:p.Ser11Cys,"hg19,16:g.3306556G>C, hg38,16:g.3256556G>C",,3.9764909853e-06,0.116,"saturation,clinvar",0.27748,0.6098633333333333,0.3831527387485737,Neutral,Neutral,0.24711,0.3278933333333333,0.5940524850067659,Neutral,Neutral,69.989,11.767,54.46,13.565,P,True,69.989,0.603,damaging,neutral,potentially_damaging,P,True,54.46,0.643,damaging,neutral,potentially_damaging,neutral,1058528,Uncertain significance,1,89.32,H,-0.0981,2.3828,-19.5732,loss_of_function,-1.02518867261393,0.7788304725005687,0.089,benign,https://doi.org/10.1101/2022.10.22.513328,C,11,NP_000234:p.Ser11Cys,"hg19,16:g.3306556G>C, hg38,16:g.3256556G>C",,3.9764909853e-06,0.116,"saturation,clinvar",0.27383,0.6098633333333333,0.3831527387485737,Neutral,Neutral,0.24711,0.3278933333333333,0.5940524850067659,Neutral,Neutral,69.989,11.767,54.46,13.565,P,True,69.989,0.603,damaging,neutral,potentially_damaging,P,True,54.46,0.643,damaging,neutral,potentially_damaging,neutral,1058528,Uncertain significance,1,89.32,H,-0.0981,2.3828,-19.5732,loss_of_function,-1.02518867261393,0.7788304725005687,0.089,benign,https://doi.org/10.1101/2022.10.22.513328,C,11
MEFV,T12I,NP_000234:p.Thr12Ile,"hg19,16:g.3306553G>A, hg38,16:g.3256553G>A",,7.9529819706e-06,0.163,"saturation,clinvar",-1.53054,-0.6799333333333334,-0.8680888911409755,Neutral,Neutral,0.14098,-0.3981866666666667,-0.3058310196497115,Neutral,Neutral,8.928,4.08,2.535,2.54,P,True,8.928,5.875,uncertain,damaging,uncertain,P,True,2.535,10.883,uncertain,damaging,uncertain,uncertain,2074799,Uncertain significance,1,91.33,H,-0.1488,1.2323,-5.2854,loss_of_function,-1.78690391459153,0.6864629350679092,0.3114,benign,https://doi.org/10.1101/2022.10.22.513328,I,12,NP_000234:p.Thr12Ile,"hg19,16:g.3306553G>A, hg38,16:g.3256553G>A",,7.9529819706e-06,0.163,"saturation,clinvar",-1.24123,-0.6799333333333334,-0.8680888911409755,Neutral,Neutral,0.14098,-0.3981866666666667,-0.3058310196497115,Neutral,Neutral,8.928,4.08,2.535,2.54,P,True,8.928,5.875,uncertain,damaging,uncertain,P,True,2.535,10.883,uncertain,damaging,uncertain,uncertain,2074799,Uncertain significance,1,91.33,H,-0.1488,1.2323,-5.2854,loss_of_function,-1.78690391459153,0.6864629350679092,0.3114,benign,https://doi.org/10.1101/2022.10.22.513328,I,12
MEFV,E15K,NP_000234:p.Glu15Lys,"hg19,16:g.3306545C>T, hg38,16:g.3256545C>T",,,0.280,"cBioPortal,COSMIC,saturation",-0.86689,-1.3214266666666667,0.0009648525214908,Neutral,Neutral,-0.99406,-0.7147399999999999,-0.0224139416115002,Neutral,Neutral,75.429,7.149,64.76,12.244,,True,75.429,,neutral,neutral,neutral,,True,64.76,,neutral,neutral,neutral,neutral,,,,91.73,S,-0.2629,0.7186,-19.5732,loss_of_function,-2.41373262008255,0.6104520838632147,0.464,ambiguous,https://doi.org/10.1101/2022.10.22.513328,K,15,NP_000234:p.Glu15Lys,"hg19,16:g.3306545C>T, hg38,16:g.3256545C>T",,,0.280,"cBioPortal,COSMIC,saturation",-0.75676,-1.3214266666666667,0.0009648525214908,Neutral,Neutral,-0.99406,-0.7147399999999999,-0.0224139416115002,Neutral,Neutral,75.429,7.149,64.76,12.244,,True,75.429,,neutral,neutral,neutral,,True,64.76,,neutral,neutral,neutral,neutral,,,,91.73,S,-0.2629,0.7186,-19.5732,loss_of_function,-2.41373262008255,0.6104520838632147,0.464,ambiguous,https://doi.org/10.1101/2022.10.22.513328,K,15
MEFV,P18L,NP_000234:p.Pro18Leu,"hg19,16:g.3306535G>A",,,0.153,"cBioPortal,saturation",1.09436,0.47676,-1.068026313676007,Neutral,Neutral,1.47274,-0.34002,-0.94063848495985,Neutral,Neutral,79.229,7.143,79.17,8.107,,False,79.229,,neutral,neutral,neutral,,False,79.17,,neutral,neutral,neutral,uncertain,,,,89.97,H,-0.2256,0.7539,-6.2853,loss_of_function,-2.50738747171797,0.59909525714182,0.3312,benign,https://doi.org/10.1101/2022.10.22.513328,L,18,NP_000234:p.Pro18Leu,"hg19,16:g.3306535G>A",,,0.153,"cBioPortal,saturation",1.14567,0.47676,-1.068026313676007,Neutral,Neutral,1.47274,-0.34002,-0.94063848495985,Neutral,Neutral,79.229,7.143,79.17,8.107,,False,79.229,,neutral,neutral,neutral,,False,79.17,,neutral,neutral,neutral,uncertain,,,,89.97,H,-0.2256,0.7539,-6.2853,loss_of_function,-2.50738747171797,0.59909525714182,0.3312,benign,https://doi.org/10.1101/2022.10.22.513328,L,18
MEFV,Y19C,NP_000234:p.Tyr19Cys,"hg19,16:g.3306532T>C, hg38,16:g.3256532T>C",,1.59050784916e-05,0.154,"cBioPortal,saturation,clinvar",0.69782,0.4302733333333333,1.072574162369475,Neutral,Neutral,0.55712,0.6798166666666666,1.1030927585506838,Neutral,Neutral,91.766,6.282,88.18,7.726,,False,91.766,,uncertain,,,,False,88.18,,uncertain,,,uncertain,1063261,Uncertain significance,1,89.65,H,-0.3397,0.7543,-19.5732,loss_of_function,-2.16406535125117,0.6407273751119757,0.2492,benign,https://doi.org/10.1101/2022.10.22.513328,C,19,NP_000234:p.Tyr19Cys,"hg19,16:g.3306532T>C, hg38,16:g.3256532T>C",,1.59050784916e-05,0.154,"cBioPortal,saturation,clinvar",0.64484,0.4302733333333333,1.072574162369475,Neutral,Neutral,0.55712,0.6798166666666666,1.1030927585506838,Neutral,Neutral,91.766,6.282,88.18,7.726,,False,91.766,,uncertain,,,,False,88.18,,uncertain,,,uncertain,1063261,Uncertain significance,1,89.65,H,-0.3397,0.7543,-19.5732,loss_of_function,-2.16406535125117,0.6407273751119757,0.2492,benign,https://doi.org/10.1101/2022.10.22.513328,C,19
MEFV,D20E,NP_000234:p.Asp20Glu,"hg19,16:g.3306528G>C, hg38,16:g.3256528G>C",,3.9763328668e-06,0.234,"cBioPortal,COSMIC,saturation",0.01809,0.8312933333333333,0.2400414506714639,Neutral,Neutral,-0.43369,0.42177,-0.3991568717609237,Neutral,Neutral,19.471,8.028,27.9,14.704,,True,19.471,,neutral,neutral,neutral,,True,27.9,,neutral,neutral,neutral,neutral,,,,91.83,H,-0.1912,0.1725,-5.2854,loss_of_function,-2.12411585045074,0.6455717537028774,0.6455,pathogenic,https://doi.org/10.1101/2022.10.22.513328,E,20,NP_000234:p.Asp20Glu,"hg19,16:g.3306528G>C, hg38,16:g.3256528G>C",,3.9763328668e-06,0.234,"cBioPortal,COSMIC,saturation",0.00298,0.8312933333333333,0.2400414506714639,Neutral,Neutral,-0.43369,0.42177,-0.3991568717609237,Neutral,Neutral,19.471,8.028,27.9,14.704,,True,19.471,,neutral,neutral,neutral,,True,27.9,,neutral,neutral,neutral,neutral,,,,91.83,H,-0.1912,0.1725,-5.2854,loss_of_function,-2.12411585045074,0.6455717537028774,0.6455,pathogenic,https://doi.org/10.1101/2022.10.22.513328,E,20
MEFV,F21L,NP_000234:p.Phe21Leu,"hg19,16:g.3306525G>C, hg19,16:g.3306525G>T, hg19,16:g.3306527A>G, hg38,16:g.3256525G>C, hg38,16:g.3256525G>T, hg38,16:g.3256527A>G",,,"0.140, 0.164","saturation,clinvar",1.23754,1.4698433333333334,1.8408507655639017,Neutral,Neutral,-0.29068,0.4208633333333333,0.897454503740287,Neutral,Neutral,11.53,3.693,11.97,5.571,,True,11.53,,neutral,neutral,neutral,,True,11.97,,neutral,neutral,neutral,neutral,"2314919, 2109237, 1980056","Uncertain significance, Uncertain significance, Uncertain significance","1, 1, 1",94.87,H,-0.2195,0.4361,-3.4781,loss_of_function,-0.975721403055014,0.7848290000616188,0.8714,pathogenic,https://doi.org/10.1101/2022.10.22.513328,L,21,NP_000234:p.Phe21Leu,"hg19,16:g.3306525G>C, hg19,16:g.3306525G>T, hg19,16:g.3306527A>G, hg38,16:g.3256525G>C, hg38,16:g.3256525G>T, hg38,16:g.3256527A>G",,,"0.140, 0.164","saturation,clinvar",1.12451,1.4698433333333334,1.8408507655639017,Neutral,Neutral,-0.29068,0.4208633333333333,0.897454503740287,Neutral,Neutral,11.53,3.693,11.97,5.571,,True,11.53,,neutral,neutral,neutral,,True,11.97,,neutral,neutral,neutral,neutral,"2314919, 2109237, 1980056","Uncertain significance, Uncertain significance, Uncertain significance","1, 1, 1",94.87,H,-0.2195,0.4361,-3.4781,loss_of_function,-0.975721403055014,0.7848290000616188,0.8714,pathogenic,https://doi.org/10.1101/2022.10.22.513328,L,21
MEFV,F21Y,NP_000234:p.Phe21Tyr,"hg38,16:g.3256526A>T",,,0.377,"COSMIC,saturation",0.89552,0.6447833333333334,0.8617438009255451,Neutral,Neutral,2.39634,0.76939,0.6492135341187206,Uncertain,Uncertain,11.53,3.693,11.97,5.571,,True,11.53,,neutral,neutral,neutral,,True,11.97,,neutral,neutral,neutral,uncertain,,,,94.87,H,-0.2874,0.4361,-19.5732,loss_of_function,-1.96725393934024,0.6645932300339021,0.3998,ambiguous,https://doi.org/10.1101/2022.10.22.513328,Y,21,NP_000234:p.Phe21Tyr,"hg38,16:g.3256526A>T",,,0.377,"COSMIC,saturation",0.82274,0.6447833333333334,0.8617438009255451,Neutral,Neutral,2.39634,0.76939,0.6492135341187206,Uncertain,Uncertain,11.53,3.693,11.97,5.571,,True,11.53,,neutral,neutral,neutral,,True,11.97,,neutral,neutral,neutral,uncertain,,,,94.87,H,-0.2874,0.4361,-19.5732,loss_of_function,-1.96725393934024,0.6645932300339021,0.3998,ambiguous,https://doi.org/10.1101/2022.10.22.513328,Y,21
MEFV,E22K,NP_000234:p.Glu22Lys,"hg19,16:g.3306524C>T, hg38,16:g.3256524C>T",,4.77171328365e-05,0.207,"cBioPortal,COSMIC,saturation,clinvar",0.24424,0.1370766666666666,0.090940595999008,Neutral,Neutral,0.42195,0.7481866666666667,0.0775905126645735,Neutral,Neutral,69.616,11.029,65.47,10.65,,True,69.616,,neutral,neutral,neutral,,True,65.47,,neutral,neutral,neutral,uncertain,1026331,Uncertain significance,1,92.83,H,-0.329,0.0005,-19.5732,loss_of_function,-2.96189828392207,0.5439801141773508,0.7365,pathogenic,https://doi.org/10.1101/2022.10.22.513328,K,22,NP_000234:p.Glu22Lys,"hg19,16:g.3306524C>T, hg38,16:g.3256524C>T",,4.77171328365e-05,0.207,"cBioPortal,COSMIC,saturation,clinvar",0.25213,0.1370766666666666,0.090940595999008,Neutral,Neutral,0.42195,0.7481866666666667,0.0775905126645735,Neutral,Neutral,69.616,11.029,65.47,10.65,,True,69.616,,neutral,neutral,neutral,,True,65.47,,neutral,neutral,neutral,uncertain,1026331,Uncertain significance,1,92.83,H,-0.329,0.0005,-19.5732,loss_of_function,-2.96189828392207,0.5439801141773508,0.7365,pathogenic,https://doi.org/10.1101/2022.10.22.513328,K,22
MEFV,K23N,NP_000234:p.Lys23Asn,"hg19,16:g.3306519C>G",,3.9762696229e-06,0.336,"cBioPortal,saturation",0.90533,0.7623566666666667,0.6150953502637638,Neutral,Neutral,0.80183,0.4860566666666666,0.1902751787751475,Neutral,Neutral,57.723,8.249,55.915,11.077,,True,57.723,,neutral,neutral,neutral,,True,55.915,,neutral,neutral,neutral,neutral,,,,91.72,H,-0.3055,0.2357,-19.5732,loss_of_function,-2.45904224086392,0.6049577234212244,0.8376,pathogenic,https://doi.org/10.1101/2022.10.22.513328,N,23,NP_000234:p.Lys23Asn,"hg19,16:g.3306519C>G",,3.9762696229e-06,0.336,"cBioPortal,saturation",0.81586,0.7623566666666667,0.6150953502637638,Neutral,Neutral,0.80183,0.4860566666666666,0.1902751787751475,Neutral,Neutral,57.723,8.249,55.915,11.077,,True,57.723,,neutral,neutral,neutral,,True,55.915,,neutral,neutral,neutral,neutral,,,,91.72,H,-0.3055,0.2357,-19.5732,loss_of_function,-2.45904224086392,0.6049577234212244,0.8376,pathogenic,https://doi.org/10.1101/2022.10.22.513328,N,23
MEFV,K23R,NP_000234:p.Lys23Arg,"hg19,16:g.3306520T>C, hg38,16:g.3256520T>C",,3.9762696229e-06,0.262,"saturation,clinvar",0.13071,0.02891,0.042117770355056,Neutral,Neutral,0.19558,-0.2146233333333333,-0.3797577936161995,Neutral,Neutral,57.723,8.249,55.915,11.077,,True,57.723,,neutral,neutral,neutral,,True,55.915,,neutral,neutral,neutral,uncertain,1392560,Conflicting classifications of pathogenicity,1,91.72,H,-0.1449,0.2357,-4.7004,loss_of_function,-0.609893105629458,0.829190274582859,0.2143,benign,https://doi.org/10.1101/2022.10.22.513328,R,23,NP_000234:p.Lys23Arg,"hg19,16:g.3306520T>C, hg38,16:g.3256520T>C",,3.9762696229e-06,0.262,"saturation,clinvar",0.16132,0.02891,0.042117770355056,Neutral,Neutral,0.19558,-0.2146233333333333,-0.3797577936161995,Neutral,Neutral,57.723,8.249,55.915,11.077,,True,57.723,,neutral,neutral,neutral,,True,55.915,,neutral,neutral,neutral,uncertain,1392560,Conflicting classifications of pathogenicity,1,91.72,H,-0.1449,0.2357,-4.7004,loss_of_function,-0.609893105629458,0.829190274582859,0.2143,benign,https://doi.org/10.1101/2022.10.22.513328,R,23
MEFV,K25R,NP_000234:p.Lys25Arg,"hg19,16:g.3306514T>C, hg38,16:g.3256514T>C",,,0.497,"saturation,clinvar",1.39332,0.4323166666666667,-0.1429404946461902,Neutral,Neutral,1.42983,0.6523833333333333,-0.2678654852914654,Neutral,Neutral,17.067,6.623,19.295,10.449,,True,17.067,,neutral,neutral,neutral,,True,19.295,,neutral,neutral,neutral,uncertain,2173926,Uncertain significance,1,93.47,H,-0.2425,0.0005,-19.5732,loss_of_function,-0.0971589609238907,0.8913657276841201,0.1491,benign,https://doi.org/10.1101/2022.10.22.513328,R,25,NP_000234:p.Lys25Arg,"hg19,16:g.3306514T>C, hg38,16:g.3256514T>C",,,0.497,"saturation,clinvar",1.31568,0.4323166666666667,-0.1429404946461902,Neutral,Neutral,1.42983,0.6523833333333333,-0.2678654852914654,Neutral,Neutral,17.067,6.623,19.295,10.449,,True,17.067,,neutral,neutral,neutral,,True,19.295,,neutral,neutral,neutral,uncertain,2173926,Uncertain significance,1,93.47,H,-0.2425,0.0005,-19.5732,loss_of_function,-0.0971589609238907,0.8913657276841201,0.1491,benign,https://doi.org/10.1101/2022.10.22.513328,R,25
MEFV,K25T,NP_000234:p.Lys25Thr,"hg19,16:g.3306514T>G, hg38,16:g.3256514T>G",6.3682098962e-05,7.9526024892e-06,0.639,"cBioPortal,COSMIC,saturation,clinvar",1.84858,1.4091833333333332,0.6832666668334232,Neutral,Neutral,0.70572,1.01383,0.3724540861614425,Neutral,Neutral,17.067,6.623,19.295,10.449,,True,17.067,,neutral,neutral,neutral,,True,19.295,,neutral,neutral,neutral,neutral,2921035,Uncertain significance,1,93.47,H,-0.3308,0.0005,-19.5732,loss_of_function,-3.34475458943225,0.4975539798666747,0.8261,pathogenic,https://doi.org/10.1101/2022.10.22.513328,T,25,NP_000234:p.Lys25Thr,"hg19,16:g.3306514T>G, hg38,16:g.3256514T>G",6.3682098962e-05,7.9526024892e-06,0.639,"cBioPortal,COSMIC,saturation,clinvar",1.29546,1.4091833333333332,0.6832666668334232,Neutral,Neutral,0.70572,1.01383,0.3724540861614425,Neutral,Neutral,17.067,6.623,19.295,10.449,,True,17.067,,neutral,neutral,neutral,,True,19.295,,neutral,neutral,neutral,neutral,2921035,Uncertain significance,1,93.47,H,-0.3308,0.0005,-19.5732,loss_of_function,-3.34475458943225,0.4975539798666747,0.8261,pathogenic,https://doi.org/10.1101/2022.10.22.513328,T,25
MEFV,F26L,NP_000234:p.Phe26Leu,"hg38,16:g.3256510G>T",,,0.214,"COSMIC,saturation",0.08983,-0.43095,0.1689271692970725,Neutral,Neutral,0.0827,-0.27483,-0.0589475829545773,Neutral,Neutral,72.404,9.335,70.07,9.332,,True,72.404,,neutral,neutral,neutral,,True,70.07,,neutral,neutral,neutral,neutral,,,,90.66,H,-0.3417,0.0005,-19.5732,loss_of_function,-3.62030954232018,0.4641394818719253,0.9791,pathogenic,https://doi.org/10.1101/2022.10.22.513328,L,26,NP_000234:p.Phe26Leu,"hg38,16:g.3256510G>T",,,0.214,"COSMIC,saturation",0.08244,-0.43095,0.1689271692970725,Neutral,Neutral,0.0827,-0.27483,-0.0589475829545773,Neutral,Neutral,72.404,9.335,70.07,9.332,,True,72.404,,neutral,neutral,neutral,,True,70.07,,neutral,neutral,neutral,neutral,,,,90.66,H,-0.3417,0.0005,-19.5732,loss_of_function,-3.62030954232018,0.4641394818719253,0.9791,pathogenic,https://doi.org/10.1101/2022.10.22.513328,L,26
MEFV,T31N,NP_000234:p.Thr31Asn,"hg19,16:g.3306496G>T, hg38,16:g.3256496G>T",,,0.158,"cBioPortal,COSMIC,saturation",0.91597,0.7295933333333333,0.3692234161691881,Neutral,Neutral,-0.48938,0.70499,0.4800472414702525,Neutral,Neutral,28.612,12.174,13.525,8.735,,False,28.612,,uncertain,,,,False,13.525,,uncertain,,,uncertain,,,,85.84,S,-0.3069,0.6277,-19.5545,loss_of_function,-3.63768677031786,0.462032274783113,0.3773,ambiguous,https://doi.org/10.1101/2022.10.22.513328,N,31,NP_000234:p.Thr31Asn,"hg19,16:g.3306496G>T, hg38,16:g.3256496G>T",,,0.158,"cBioPortal,COSMIC,saturation",0.88173,0.7295933333333333,0.3692234161691881,Neutral,Neutral,-0.48938,0.70499,0.4800472414702525,Neutral,Neutral,28.612,12.174,13.525,8.735,,False,28.612,,uncertain,,,,False,13.525,,uncertain,,,uncertain,,,,85.84,S,-0.3069,0.6277,-19.5545,loss_of_function,-3.63768677031786,0.462032274783113,0.3773,ambiguous,https://doi.org/10.1101/2022.10.22.513328,N,31
MEFV,S32C,NP_000234:p.Ser32Cys,"hg19,16:g.3306494T>A, hg38,16:g.3256494T>A",,,0.156,"cBioPortal,saturation,clinvar",0.04501,0.8353733333333334,0.6437695274127148,Neutral,Neutral,0.5487,-0.53152,-0.320041473607707,Neutral,Neutral,83.67,20.472,7.225,13.752,,False,83.67,,uncertain,,,,False,7.225,,uncertain,,,uncertain,854798,Uncertain significance,1,79.31,-,-0.2248,1.0056,-19.5732,loss_of_function,-2.01685984285382,0.6585778913651161,0.1382,benign,https://doi.org/10.1101/2022.10.22.513328,C,32,NP_000234:p.Ser32Cys,"hg19,16:g.3306494T>A, hg38,16:g.3256494T>A",,,0.156,"cBioPortal,saturation,clinvar",-0.02444,0.8353733333333334,0.6437695274127148,Neutral,Neutral,0.5487,-0.53152,-0.320041473607707,Neutral,Neutral,83.67,20.472,7.225,13.752,,False,83.67,,uncertain,,,,False,7.225,,uncertain,,,uncertain,854798,Uncertain significance,1,79.31,-,-0.2248,1.0056,-19.5732,loss_of_function,-2.01685984285382,0.6585778913651161,0.1382,benign,https://doi.org/10.1101/2022.10.22.513328,C,32
MEFV,S32R,NP_000234:p.Ser32Arg,"hg19,16:g.3306492A>T, hg38,16:g.3256492A>T",,,0.176,"cBioPortal,COSMIC,saturation",-0.01147,0.3978466666666667,-0.4262692094458269,Neutral,Neutral,6.72041,3.12041,2.405385252730893,Destabilizing,Uncertain,83.67,20.472,7.225,13.752,,False,83.67,,uncertain,,,,False,7.225,,uncertain,,,uncertain,,,,79.31,-,-0.2004,1.0056,-6.2853,loss_of_function,-2.8370154169492,0.5591237298674693,0.5621,ambiguous,https://doi.org/10.1101/2022.10.22.513328,R,32,NP_000234:p.Ser32Arg,"hg19,16:g.3306492A>T, hg38,16:g.3256492A>T",,,0.176,"cBioPortal,COSMIC,saturation",-0.03295,0.3978466666666667,-0.4262692094458269,Neutral,Neutral,6.72041,3.12041,2.405385252730893,Destabilizing,Uncertain,83.67,20.472,7.225,13.752,,False,83.67,,uncertain,,,,False,7.225,,uncertain,,,uncertain,,,,79.31,-,-0.2004,1.0056,-6.2853,loss_of_function,-2.8370154169492,0.5591237298674693,0.5621,ambiguous,https://doi.org/10.1101/2022.10.22.513328,R,32
MEFV,V33L,NP_000234:p.Val33Leu,"hg19,16:g.3306491C>A, hg38,16:g.3256491C>A",0.0022925555626313,0.0005527058729969,0.110,"saturation,clinvar",-0.13508,1.8153066666666664,0.1920676094019929,Neutral,Neutral,-1.11265,0.0302733333333333,0.047450069736699,Neutral,Neutral,15.328,10.83,66.985,20.44,,False,15.328,,neutral,neutral,neutral,,False,66.985,,neutral,neutral,neutral,damaging,36516,Conflicting classifications of pathogenicity,1,79.44,-,-0.1614,0.8492,-0.2854,loss_of_function,-0.635984546435564,0.8260263597725512,0.1196,benign,https://doi.org/10.1101/2022.10.22.513328,L,33,NP_000234:p.Val33Leu,"hg19,16:g.3306491C>A, hg38,16:g.3256491C>A",0.0022925555626313,0.0005527058729969,0.110,"saturation,clinvar",-0.24637,1.8153066666666664,0.1920676094019929,Neutral,Neutral,-1.11265,0.0302733333333333,0.047450069736699,Neutral,Neutral,15.328,10.83,66.985,20.44,,False,15.328,,neutral,neutral,neutral,,False,66.985,,neutral,neutral,neutral,damaging,36516,Conflicting classifications of pathogenicity,1,79.44,-,-0.1614,0.8492,-0.2854,loss_of_function,-0.635984546435564,0.8260263597725512,0.1196,benign,https://doi.org/10.1101/2022.10.22.513328,L,33
MEFV,S38F,NP_000234:p.Ser38Phe,"hg19,16:g.3306475G>A, hg38,16:g.3256475G>A",,,0.101,"cBioPortal,COSMIC,saturation",-0.41152,-0.5045333333333334,-0.510175563787072,Neutral,Neutral,0.42978,0.5663266666666668,0.1426757915314875,Neutral,Neutral,71.92,20.436,59.46,20.378,,False,71.92,,uncertain,,,,False,59.46,,uncertain,,,neutral,,,,80.13,-,-0.064,2.1877,-3.9635,loss_of_function,-1.77313500660213,0.6881325880484848,0.1546,benign,https://doi.org/10.1101/2022.10.22.513328,F,38,NP_000234:p.Ser38Phe,"hg19,16:g.3306475G>A, hg38,16:g.3256475G>A",,,0.101,"cBioPortal,COSMIC,saturation",-0.64355,-0.5045333333333334,-0.510175563787072,Neutral,Neutral,0.42978,0.5663266666666668,0.1426757915314875,Neutral,Neutral,71.92,20.436,59.46,20.378,,False,71.92,,uncertain,,,,False,59.46,,uncertain,,,neutral,,,,80.13,-,-0.064,2.1877,-3.9635,loss_of_function,-1.77313500660213,0.6881325880484848,0.1546,benign,https://doi.org/10.1101/2022.10.22.513328,F,38
MEFV,R39K,NP_000234:p.Arg39Lys,"hg19,16:g.3256472C>T, hg19,16:g.3306472C>T, hg38,16:g.3256472C>T",6.368615463e-05,1.59059639412e-05,0.107,"cBioPortal,saturation,clinvar",0.08205,-0.66644,0.8111912355134168,Neutral,Neutral,-0.1878,0.0219966666666666,0.222291470880927,Neutral,Neutral,61.407,16.275,86.595,12.461,,False,61.407,,neutral,neutral,neutral,,False,86.595,,neutral,neutral,neutral,uncertain,495750,Conflicting classifications of pathogenicity,1,86.8,-,-0.1914,0.2966,-6.2853,loss_of_function,-2.39985316998117,0.6121351414628704,0.2211,benign,https://doi.org/10.1101/2022.10.22.513328,K,39,NP_000234:p.Arg39Lys,"hg19,16:g.3256472C>T, hg19,16:g.3306472C>T, hg38,16:g.3256472C>T",6.368615463e-05,1.59059639412e-05,0.107,"cBioPortal,saturation,clinvar",0.02732,-0.66644,0.8111912355134168,Neutral,Neutral,-0.1878,0.0219966666666666,0.222291470880927,Neutral,Neutral,61.407,16.275,86.595,12.461,,False,61.407,,neutral,neutral,neutral,,False,86.595,,neutral,neutral,neutral,uncertain,495750,Conflicting classifications of pathogenicity,1,86.8,-,-0.1914,0.2966,-6.2853,loss_of_function,-2.39985316998117,0.6121351414628704,0.2211,benign,https://doi.org/10.1101/2022.10.22.513328,K,39
MEFV,R39S,NP_000234:p.Arg39Ser,"hg19,16:g.3306471C>G, hg38,16:g.3256471C>G",,,0.151,"cBioPortal,COSMIC,saturation",0.76889,0.3743733333333334,1.2891276115091888,Neutral,Neutral,0.46351,0.34705,0.5144859050293875,Neutral,Neutral,61.407,16.275,86.595,12.461,,False,61.407,,neutral,neutral,neutral,,False,86.595,,neutral,neutral,neutral,uncertain,,,,86.8,-,-0.3695,0.2966,-19.5732,loss_of_function,-3.40951635255338,0.4897008029185996,0.6988,pathogenic,https://doi.org/10.1101/2022.10.22.513328,S,39,NP_000234:p.Arg39Ser,"hg19,16:g.3306471C>G, hg38,16:g.3256471C>G",,,0.151,"cBioPortal,COSMIC,saturation",0.77099,0.3743733333333334,1.2891276115091888,Neutral,Neutral,0.46351,0.34705,0.5144859050293875,Neutral,Neutral,61.407,16.275,86.595,12.461,,False,61.407,,neutral,neutral,neutral,,False,86.595,,neutral,neutral,neutral,uncertain,,,,86.8,-,-0.3695,0.2966,-19.5732,loss_of_function,-3.40951635255338,0.4897008029185996,0.6988,pathogenic,https://doi.org/10.1101/2022.10.22.513328,S,39
MEFV,R39T,NP_000234:p.Arg39Thr,"hg19,16:g.3306472C>G, hg38,16:g.3256472C>G",,,0.232,"cBioPortal,COSMIC,saturation",0.70987,0.1362799999999999,0.9173799717198988,Neutral,Neutral,0.81534,0.6561266666666666,0.7894181042724883,Neutral,Neutral,61.407,16.275,86.595,12.461,,False,61.407,,neutral,neutral,neutral,,False,86.595,,neutral,neutral,neutral,uncertain,,,,86.8,-,-0.3739,0.2966,-19.5732,loss_of_function,-3.40951635255338,0.4897008029185996,0.5027,ambiguous,https://doi.org/10.1101/2022.10.22.513328,T,39,NP_000234:p.Arg39Thr,"hg19,16:g.3306472C>G, hg38,16:g.3256472C>G",,,0.232,"cBioPortal,COSMIC,saturation",0.73793,0.1362799999999999,0.9173799717198988,Neutral,Neutral,0.81534,0.6561266666666666,0.7894181042724883,Neutral,Neutral,61.407,16.275,86.595,12.461,,False,61.407,,neutral,neutral,neutral,,False,86.595,,neutral,neutral,neutral,uncertain,,,,86.8,-,-0.3739,0.2966,-19.5732,loss_of_function,-3.40951635255338,0.4897008029185996,0.5027,ambiguous,https://doi.org/10.1101/2022.10.22.513328,T,39
MEFV,R42A,NP_000234:p.Arg42Ala,,,,,saturation,0.42734,0.1142866666666666,0.6064541712826814,Neutral,Neutral,0.21566,0.5141733333333334,0.4532038786632313,Neutral,Neutral,70.397,11.473,74.79,9.355,,False,70.397,,neutral,neutral,neutral,,False,74.79,,neutral,neutral,neutral,uncertain,,,,86.73,H,-0.3213,0.8153,-19.5732,loss_of_function,-2.85330863128237,0.557147973046705,0.5064,ambiguous,https://doi.org/10.1101/2022.10.22.513328,A,42,NP_000234:p.Arg42Ala,,,,,saturation,0.42368,0.1142866666666666,0.6064541712826814,Neutral,Neutral,0.21566,0.5141733333333334,0.4532038786632313,Neutral,Neutral,70.397,11.473,74.79,9.355,,False,70.397,,neutral,neutral,neutral,,False,74.79,,neutral,neutral,neutral,uncertain,,,,86.73,H,-0.3213,0.8153,-19.5732,loss_of_function,-2.85330863128237,0.557147973046705,0.5064,ambiguous,https://doi.org/10.1101/2022.10.22.513328,A,42
MEFV,R42Q,NP_000234:p.Arg42Gln,"hg19,16:g.3306463C>T, hg38,16:g.3256463C>T",3.18511912346e-05,1.19295678315e-05,0.222,"cBioPortal,COSMIC,saturation",0.0659,-0.10431,0.6184903027946649,Neutral,Neutral,-0.02592,0.4239266666666666,0.4072186005591433,Neutral,Neutral,70.397,11.473,74.79,9.355,,False,70.397,,neutral,neutral,neutral,,False,74.79,,neutral,neutral,neutral,uncertain,,,,86.73,H,-0.218,0.8153,-4.2854,loss_of_function,-1.83973829160427,0.680056103449593,0.1977,benign,https://doi.org/10.1101/2022.10.22.513328,Q,42,NP_000234:p.Arg42Gln,"hg19,16:g.3306463C>T, hg38,16:g.3256463C>T",3.18511912346e-05,1.19295678315e-05,0.222,"cBioPortal,COSMIC,saturation",0.11257,-0.10431,0.6184903027946649,Neutral,Neutral,-0.02592,0.4239266666666666,0.4072186005591433,Neutral,Neutral,70.397,11.473,74.79,9.355,,False,70.397,,neutral,neutral,neutral,,False,74.79,,neutral,neutral,neutral,uncertain,,,,86.73,H,-0.218,0.8153,-4.2854,loss_of_function,-1.83973829160427,0.680056103449593,0.1977,benign,https://doi.org/10.1101/2022.10.22.513328,Q,42
MEFV,R42W,NP_000234:p.Arg42Trp,"hg19,16:g.3306464G>A, hg38,16:g.3256464G>A",0.0011150047785919,0.0003101687636196,0.241,"cBioPortal,saturation,clinvar",0.55359,0.5837866666666667,-0.3695357099234182,Neutral,Neutral,0.42796,0.0564633333333333,-0.4591853424969425,Neutral,Neutral,70.397,11.473,74.79,9.355,,False,70.397,,neutral,neutral,neutral,,False,74.79,,neutral,neutral,neutral,uncertain,234347,Conflicting classifications of pathogenicity,1,86.73,H,-0.2631,0.8153,-4.7004,loss_of_function,-1.11908012999289,0.7674449543618715,0.2929,benign,https://doi.org/10.1101/2022.10.22.513328,W,42,NP_000234:p.Arg42Trp,"hg19,16:g.3306464G>A, hg38,16:g.3256464G>A",0.0011150047785919,0.0003101687636196,0.241,"cBioPortal,saturation,clinvar",0.65401,0.5837866666666667,-0.3695357099234182,Neutral,Neutral,0.42796,0.0564633333333333,-0.4591853424969425,Neutral,Neutral,70.397,11.473,74.79,9.355,,False,70.397,,neutral,neutral,neutral,,False,74.79,,neutral,neutral,neutral,uncertain,234347,Conflicting classifications of pathogenicity,1,86.73,H,-0.2631,0.8153,-4.7004,loss_of_function,-1.11908012999289,0.7674449543618715,0.2929,benign,https://doi.org/10.1101/2022.10.22.513328,W,42
MEFV,S43N,NP_000234:p.Ser43Asn,"hg19,16:g.3306460C>T, hg38,16:g.3256460C>T",,2.38589459118e-05,0.073,"saturation,clinvar",0.02463,-0.0866199999999999,0.000234276778727,Neutral,Neutral,0.17201,0.0256233333333333,0.123629695488366,Neutral,Neutral,74.072,14.669,87.075,8.774,,False,74.072,,uncertain,,,,False,87.075,,uncertain,,,neutral,807966,Uncertain significance,2,86.19,H,-0.2321,0.6199,-19.5732,loss_of_function,-2.54658943509829,0.5943415268494283,0.138,benign,https://doi.org/10.1101/2022.10.22.513328,N,43,NP_000234:p.Ser43Asn,"hg19,16:g.3306460C>T, hg38,16:g.3256460C>T",,2.38589459118e-05,0.073,"saturation,clinvar",0.079,-0.0866199999999999,0.000234276778727,Neutral,Neutral,0.17201,0.0256233333333333,0.123629695488366,Neutral,Neutral,74.072,14.669,87.075,8.774,,False,74.072,,uncertain,,,,False,87.075,,uncertain,,,neutral,807966,Uncertain significance,2,86.19,H,-0.2321,0.6199,-19.5732,loss_of_function,-2.54658943509829,0.5943415268494283,0.138,benign,https://doi.org/10.1101/2022.10.22.513328,N,43
MEFV,Q46L,NP_000234:p.Gln46Leu,"hg19,16:g.3306451T>A, hg38,16:g.3256451T>A",,,0.138,"cBioPortal,COSMIC,saturation",-0.45923,-0.2883199999999999,-0.7083482037240416,Neutral,Neutral,-0.48987,-0.3625833333333333,-0.753752686729147,Neutral,Neutral,67.228,17.725,62.06,11.714,,False,67.228,,neutral,neutral,neutral,,False,62.06,,neutral,neutral,neutral,uncertain,,,,86.24,H,-0.2678,0.4062,-19.5732,loss_of_function,-2.39708146579225,0.6124712453981909,0.26,benign,https://doi.org/10.1101/2022.10.22.513328,L,46,NP_000234:p.Gln46Leu,"hg19,16:g.3306451T>A, hg38,16:g.3256451T>A",,,0.138,"cBioPortal,COSMIC,saturation",-0.46031,-0.2883199999999999,-0.7083482037240416,Neutral,Neutral,-0.48987,-0.3625833333333333,-0.753752686729147,Neutral,Neutral,67.228,17.725,62.06,11.714,,False,67.228,,neutral,neutral,neutral,,False,62.06,,neutral,neutral,neutral,uncertain,,,,86.24,H,-0.2678,0.4062,-19.5732,loss_of_function,-2.39708146579225,0.6124712453981909,0.26,benign,https://doi.org/10.1101/2022.10.22.513328,L,46
MEFV,K52R,NP_000234:p.Lys52Arg,"hg19,16:g.3306433T>C, hg38,16:g.3256433T>C",,,0.124,"cBioPortal,COSMIC,saturation",0.31013,0.3492066666666666,0.0283068238206821,Neutral,Neutral,0.22655,-0.0029499999999999,-0.2541156945033689,Neutral,Neutral,64.442,11.094,55.325,13.944,,False,64.442,,neutral,neutral,neutral,,False,55.325,,neutral,neutral,neutral,uncertain,,,,92.25,H,-0.1155,0.4775,-3.2854,loss_of_function,-0.40170755042854,0.8544353871961172,0.0969,benign,https://doi.org/10.1101/2022.10.22.513328,R,52,NP_000234:p.Lys52Arg,"hg19,16:g.3306433T>C, hg38,16:g.3256433T>C",,,0.124,"cBioPortal,COSMIC,saturation",0.25966,0.3492066666666666,0.0283068238206821,Neutral,Neutral,0.22655,-0.0029499999999999,-0.2541156945033689,Neutral,Neutral,64.442,11.094,55.325,13.944,,False,64.442,,neutral,neutral,neutral,,False,55.325,,neutral,neutral,neutral,uncertain,,,,92.25,H,-0.1155,0.4775,-3.2854,loss_of_function,-0.40170755042854,0.8544353871961172,0.0969,benign,https://doi.org/10.1101/2022.10.22.513328,R,52
MEFV,A54V,NP_000234:p.Ala54Val,"hg19,16:g.3306427G>A",,,0.278,"cBioPortal,saturation",0.64629,1.0617933333333334,0.5887203174472203,Neutral,Neutral,0.64565,3.0661,0.8486406554323307,Uncertain,Neutral,3.76,3.796,7.125,5.919,,True,3.76,,neutral,neutral,neutral,,True,7.125,,neutral,neutral,neutral,neutral,,,,92.71,H,-0.2855,0.0994,-19.5732,loss_of_function,-2.65459736871986,0.5812442087152745,0.5862,pathogenic,https://doi.org/10.1101/2022.10.22.513328,V,54,NP_000234:p.Ala54Val,"hg19,16:g.3306427G>A",,,0.278,"cBioPortal,saturation",1.21011,1.0617933333333334,0.5887203174472203,Neutral,Neutral,0.64565,3.0661,0.8486406554323307,Uncertain,Neutral,3.76,3.796,7.125,5.919,,True,3.76,,neutral,neutral,neutral,,True,7.125,,neutral,neutral,neutral,neutral,,,,92.71,H,-0.2855,0.0994,-19.5732,loss_of_function,-2.65459736871986,0.5812442087152745,0.5862,pathogenic,https://doi.org/10.1101/2022.10.22.513328,V,54
MEFV,T55A,NP_000234:p.Thr55Ala,"hg19,16:g.3306425T>C, hg38,16:g.3256425T>C",,,0.068,"saturation,clinvar",0.04414,-0.2011333333333333,0.2119809966853766,Neutral,Neutral,-0.19652,0.5155333333333333,0.1209520642183019,Neutral,Neutral,84.587,10.399,61.83,11.333,,True,84.587,,uncertain,,,,True,61.83,,uncertain,,,neutral,1717583,Uncertain significance,1,91.83,H,-0.0412,2.0876,-4.7004,loss_of_function,-0.311767916196009,0.8653416971579405,0.0723,benign,https://doi.org/10.1101/2022.10.22.513328,A,55,NP_000234:p.Thr55Ala,"hg19,16:g.3306425T>C, hg38,16:g.3256425T>C",,,0.068,"saturation,clinvar",-0.2002,-0.2011333333333333,0.2119809966853766,Neutral,Neutral,-0.19652,0.5155333333333333,0.1209520642183019,Neutral,Neutral,84.587,10.399,61.83,11.333,,True,84.587,,uncertain,,,,True,61.83,,uncertain,,,neutral,1717583,Uncertain significance,1,91.83,H,-0.0412,2.0876,-4.7004,loss_of_function,-0.311767916196009,0.8653416971579405,0.0723,benign,https://doi.org/10.1101/2022.10.22.513328,A,55
MEFV,T59A,NP_000234:p.Thr59Ala,"hg38,16:g.3256413T>C",,,0.085,"COSMIC,saturation",-0.1491,-0.0034033333333333,0.0721957435170496,Neutral,Neutral,-0.50434,-0.0290233333333333,0.1408950361491217,Neutral,Neutral,96.293,11.338,72.04,11.378,,True,96.293,,uncertain,,,,True,72.04,,uncertain,,,neutral,,,,89.92,H,-0.0874,1.6176,-5.2854,loss_of_function,-0.330368788381664,0.8630861078468642,0.0881,benign,https://doi.org/10.1101/2022.10.22.513328,A,59,NP_000234:p.Thr59Ala,"hg38,16:g.3256413T>C",,,0.085,"COSMIC,saturation",-0.22733,-0.0034033333333333,0.0721957435170496,Neutral,Neutral,-0.50434,-0.0290233333333333,0.1408950361491217,Neutral,Neutral,96.293,11.338,72.04,11.378,,True,96.293,,uncertain,,,,True,72.04,,uncertain,,,neutral,,,,89.92,H,-0.0874,1.6176,-5.2854,loss_of_function,-0.330368788381664,0.8630861078468642,0.0881,benign,https://doi.org/10.1101/2022.10.22.513328,A,59
MEFV,T59S,NP_000234:p.Thr59Ser,"hg19,16:g.3306412G>C, hg38,16:g.3256412G>C",,,0.067,"saturation,clinvar",-0.00937,0.4195,0.484431979477787,Neutral,Neutral,-0.43071,0.30862,0.3463442747702125,Neutral,Neutral,96.293,11.338,72.04,11.378,,True,96.293,,neutral,,,,True,72.04,,neutral,,,neutral,981062,Uncertain significance,1,89.92,H,-0.0431,1.6176,-3.7005,loss_of_function,-0.586429094024314,0.8320355806116995,0.0984,benign,https://doi.org/10.1101/2022.10.22.513328,S,59,NP_000234:p.Thr59Ser,"hg19,16:g.3306412G>C, hg38,16:g.3256412G>C",,,0.067,"saturation,clinvar",0.00686,0.4195,0.484431979477787,Neutral,Neutral,-0.43071,0.30862,0.3463442747702125,Neutral,Neutral,96.293,11.338,72.04,11.378,,True,96.293,,neutral,,,,True,72.04,,neutral,,,neutral,981062,Uncertain significance,1,89.92,H,-0.0431,1.6176,-3.7005,loss_of_function,-0.586429094024314,0.8320355806116995,0.0984,benign,https://doi.org/10.1101/2022.10.22.513328,S,59
MEFV,Y61C,NP_000234:p.Tyr61Cys,"hg19,16:g.3306406T>C, hg38,16:g.3256406T>C",,7.9545002585e-06,0.469,"saturation,clinvar",3.38268,4.2394533333333335,3.913630239834143,Destabilizing,Destabilizing,-1.2857,1.6541966666666668,3.2040816735753705,Neutral,Uncertain,3.233,2.849,36.92,15.071,,False,3.233,,uncertain,,,,False,36.92,,uncertain,,,damaging,2183201,Uncertain significance,1,90.52,H,-0.4,0.0994,-19.5732,loss_of_function,-2.63427995283873,0.5837079505029048,0.4077,ambiguous,https://doi.org/10.1101/2022.10.22.513328,C,61,NP_000234:p.Tyr61Cys,"hg19,16:g.3306406T>C, hg38,16:g.3256406T>C",,7.9545002585e-06,0.469,"saturation,clinvar",3.52484,4.2394533333333335,3.913630239834143,Destabilizing,Destabilizing,-1.2857,1.6541966666666668,3.2040816735753705,Neutral,Uncertain,3.233,2.849,36.92,15.071,,False,3.233,,uncertain,,,,False,36.92,,uncertain,,,damaging,2183201,Uncertain significance,1,90.52,H,-0.4,0.0994,-19.5732,loss_of_function,-2.63427995283873,0.5837079505029048,0.4077,ambiguous,https://doi.org/10.1101/2022.10.22.513328,C,61
MEFV,Y61F,NP_000234:p.Tyr61Phe,"hg19,16:g.3306406T>A, hg38,16:g.3256406T>A",,,0.289,"cBioPortal,COSMIC,saturation",-0.33795,0.3484133333333333,0.3499267579914955,Neutral,Neutral,-0.16264,-0.1408166666666666,0.6013768558145525,Neutral,Neutral,3.233,2.849,36.92,15.071,,False,3.233,,uncertain,,,,False,36.92,,uncertain,,,uncertain,,,,90.52,H,-0.199,0.0994,-6.2853,loss_of_function,-1.85418823133182,0.678303866819512,0.2331,benign,https://doi.org/10.1101/2022.10.22.513328,F,61,NP_000234:p.Tyr61Phe,"hg19,16:g.3306406T>A, hg38,16:g.3256406T>A",,,0.289,"cBioPortal,COSMIC,saturation",-0.20453,0.3484133333333333,0.3499267579914955,Neutral,Neutral,-0.16264,-0.1408166666666666,0.6013768558145525,Neutral,Neutral,3.233,2.849,36.92,15.071,,False,3.233,,uncertain,,,,False,36.92,,uncertain,,,uncertain,,,,90.52,H,-0.199,0.0994,-6.2853,loss_of_function,-1.85418823133182,0.678303866819512,0.2331,benign,https://doi.org/10.1101/2022.10.22.513328,F,61
MEFV,Y61N,NP_000234:p.Tyr61Asn,"hg19,16:g.3306407A>T, hg38,16:g.3256407A>T",,,0.431,"saturation,clinvar",3.45802,4.175846666666667,3.50343274357305,Destabilizing,Destabilizing,-1.09291,2.078456666666667,2.761789894818415,Uncertain,Uncertain,3.233,2.849,36.92,15.071,,False,3.233,,uncertain,,,,False,36.92,,uncertain,,,damaging,1423646,Uncertain significance,1,90.52,H,-0.4225,0.0994,-19.5732,loss_of_function,-2.63427995283873,0.5837079505029048,0.7353,pathogenic,https://doi.org/10.1101/2022.10.22.513328,N,61,NP_000234:p.Tyr61Asn,"hg19,16:g.3306407A>T, hg38,16:g.3256407A>T",,,0.431,"saturation,clinvar",3.48257,4.175846666666667,3.50343274357305,Destabilizing,Destabilizing,-1.09291,2.078456666666667,2.761789894818415,Uncertain,Uncertain,3.233,2.849,36.92,15.071,,False,3.233,,uncertain,,,,False,36.92,,uncertain,,,damaging,1423646,Uncertain significance,1,90.52,H,-0.4225,0.0994,-19.5732,loss_of_function,-2.63427995283873,0.5837079505029048,0.7353,pathogenic,https://doi.org/10.1101/2022.10.22.513328,N,61
MEFV,E63I,NP_000234:p.Glu63Ile,"hg19,16:g.3306400_3306401delinsAT",,,,"cBioPortal,saturation",0.34364,1.8064633333333333,-0.4498256713916178,Neutral,Neutral,-0.06474,1.51916,-0.5158871834956493,Neutral,Neutral,56.839,17.095,46.455,13.793,,False,56.839,,neutral,neutral,neutral,,False,46.455,,neutral,neutral,neutral,uncertain,,,,87.19,H,-0.3593,0.0005,-19.5732,loss_of_function,-2.63427995283873,0.5837079505029048,0.7047,pathogenic,https://doi.org/10.1101/2022.10.22.513328,I,63,NP_000234:p.Glu63Ile,"hg19,16:g.3306400_3306401delinsAT",,,,"cBioPortal,saturation",0.48749,1.8064633333333333,-0.4498256713916178,Neutral,Neutral,-0.06474,1.51916,-0.5158871834956493,Neutral,Neutral,56.839,17.095,46.455,13.793,,False,56.839,,neutral,neutral,neutral,,False,46.455,,neutral,neutral,neutral,uncertain,,,,87.19,H,-0.3593,0.0005,-19.5732,loss_of_function,-2.63427995283873,0.5837079505029048,0.7047,pathogenic,https://doi.org/10.1101/2022.10.22.513328,I,63
MEFV,E64D,NP_000234:p.Glu64Asp,"hg19,16:g.3306396C>G",,,0.118,"cBioPortal,saturation",-0.31569,0.2486366666666667,0.3844357454627501,Neutral,Neutral,0.15531,0.5661,0.4606700199979923,Neutral,Neutral,77.385,20.503,72.58,15.521,,False,77.385,,neutral,neutral,neutral,,False,72.58,,neutral,neutral,neutral,uncertain,,,,84.86,H,-0.0714,1.4515,-6.2853,loss_of_function,-0.0878833747253698,0.8924905089779503,0.1335,benign,https://doi.org/10.1101/2022.10.22.513328,D,64,NP_000234:p.Glu64Asp,"hg19,16:g.3306396C>G",,,0.118,"cBioPortal,saturation",-0.29844,0.2486366666666667,0.3844357454627501,Neutral,Neutral,0.15531,0.5661,0.4606700199979923,Neutral,Neutral,77.385,20.503,72.58,15.521,,False,77.385,,neutral,neutral,neutral,,False,72.58,,neutral,neutral,neutral,uncertain,,,,84.86,H,-0.0714,1.4515,-6.2853,loss_of_function,-0.0878833747253698,0.8924905089779503,0.1335,benign,https://doi.org/10.1101/2022.10.22.513328,D,64
MEFV,E64K,NP_000234:p.Glu64Lys,"hg19,16:g.3306398C>T",,,0.081,"cBioPortal,saturation",0.3088,0.3010233333333333,0.3742241340067355,Neutral,Neutral,0.24949,0.51882,0.2234552534778668,Neutral,Neutral,77.385,20.503,72.58,15.521,,False,77.385,,neutral,neutral,neutral,,False,72.58,,neutral,neutral,neutral,uncertain,,,,84.86,H,-0.1068,1.4515,-2.198,loss_of_function,-0.431253278616251,0.8508525966676407,0.0869,benign,https://doi.org/10.1101/2022.10.22.513328,K,64,NP_000234:p.Glu64Lys,"hg19,16:g.3306398C>T",,,0.081,"cBioPortal,saturation",-0.01232,0.3010233333333333,0.3742241340067355,Neutral,Neutral,0.24949,0.51882,0.2234552534778668,Neutral,Neutral,77.385,20.503,72.58,15.521,,False,77.385,,neutral,neutral,neutral,,False,72.58,,neutral,neutral,neutral,uncertain,,,,84.86,H,-0.1068,1.4515,-2.198,loss_of_function,-0.431253278616251,0.8508525966676407,0.0869,benign,https://doi.org/10.1101/2022.10.22.513328,K,64
MEFV,V67M,NP_000234:p.Val67Met,"hg19,16:g.3306389C>T, hg38,16:g.3256389C>T",,1.99084212622e-05,0.220,"cBioPortal,COSMIC,saturation,clinvar",-0.84428,1.7804966666666668,0.8066194005990788,Neutral,Neutral,-1.55578,0.0310666666666667,0.933373256631594,Neutral,Neutral,5.646,5.384,8.245,4.307,,True,5.646,,neutral,neutral,neutral,,True,8.245,,neutral,neutral,neutral,neutral,1012389,Conflicting classifications of pathogenicity,1,91.9,H,-0.3221,0.271,-19.5732,loss_of_function,-1.77017102538089,0.6884920079882668,0.268,benign,https://doi.org/10.1101/2022.10.22.513328,M,67,NP_000234:p.Val67Met,"hg19,16:g.3306389C>T, hg38,16:g.3256389C>T",,1.99084212622e-05,0.220,"cBioPortal,COSMIC,saturation,clinvar",-1.11018,1.7804966666666668,0.8066194005990788,Neutral,Neutral,-1.55578,0.0310666666666667,0.933373256631594,Neutral,Neutral,5.646,5.384,8.245,4.307,,True,5.646,,neutral,neutral,neutral,,True,8.245,,neutral,neutral,neutral,neutral,1012389,Conflicting classifications of pathogenicity,1,91.9,H,-0.3221,0.271,-19.5732,loss_of_function,-1.77017102538089,0.6884920079882668,0.268,benign,https://doi.org/10.1101/2022.10.22.513328,M,67
MEFV,T70I,NP_000234:p.Thr70Ile,"hg19,16:g.3306379G>A, hg38,16:g.3256379G>A",,3.9845399849e-06,0.380,"cBioPortal,COSMIC,saturation",-0.89079,1.3112233333333334,-0.5709117875099817,Neutral,Neutral,0.74958,-0.1217699999999999,-0.5017829441861793,Neutral,Neutral,0.565,0.734,0.385,0.555,,True,0.565,,uncertain,,,,True,0.385,,uncertain,,,neutral,,,,93.25,H,-0.335,0.0005,-19.5732,loss_of_function,-2.63427995283873,0.5837079505029048,0.7394,pathogenic,https://doi.org/10.1101/2022.10.22.513328,I,70,NP_000234:p.Thr70Ile,"hg19,16:g.3306379G>A, hg38,16:g.3256379G>A",,3.9845399849e-06,0.380,"cBioPortal,COSMIC,saturation",-0.94517,1.3112233333333334,-0.5709117875099817,Neutral,Neutral,0.74958,-0.1217699999999999,-0.5017829441861793,Neutral,Neutral,0.565,0.734,0.385,0.555,,True,0.565,,uncertain,,,,True,0.385,,uncertain,,,neutral,,,,93.25,H,-0.335,0.0005,-19.5732,loss_of_function,-2.63427995283873,0.5837079505029048,0.7394,pathogenic,https://doi.org/10.1101/2022.10.22.513328,I,70
MEFV,T70S,NP_000234:p.Thr70Ser,"hg19,16:g.3306379G>C, hg38,16:g.3256379G>C",,,0.302,"saturation,clinvar",1.37317,1.4494300000000002,1.9336218595690653,Neutral,Neutral,0.61879,1.3730166666666666,1.0334913337287588,Neutral,Neutral,0.565,0.734,0.385,0.555,,True,0.565,,neutral,,,,True,0.385,,neutral,,,neutral,857995,Uncertain significance,1,93.25,H,-0.2729,0.0005,-19.5732,loss_of_function,-1.85418823133182,0.678303866819512,0.5036,ambiguous,https://doi.org/10.1101/2022.10.22.513328,S,70,NP_000234:p.Thr70Ser,"hg19,16:g.3306379G>C, hg38,16:g.3256379G>C",,,0.302,"saturation,clinvar",1.58342,1.4494300000000002,1.9336218595690653,Neutral,Neutral,0.61879,1.3730166666666666,1.0334913337287588,Neutral,Neutral,0.565,0.734,0.385,0.555,,True,0.565,,neutral,,,,True,0.385,,neutral,,,neutral,857995,Uncertain significance,1,93.25,H,-0.2729,0.0005,-19.5732,loss_of_function,-1.85418823133182,0.678303866819512,0.5036,ambiguous,https://doi.org/10.1101/2022.10.22.513328,S,70
MEFV,L71M,NP_000234:p.Leu71Met,"hg19,16:g.3306377G>T, hg38,16:g.3256377G>T",,,0.302,"cBioPortal,COSMIC,saturation",0.25448,1.8628133333333332,1.5500153875558276,Neutral,Neutral,-0.15462,1.0901366666666668,0.6049891804369684,Neutral,Neutral,7.962,5.775,16.865,8.178,,True,7.962,,neutral,neutral,neutral,,True,16.865,,neutral,neutral,neutral,uncertain,,,,92.89,H,-0.2942,0.0994,-19.5732,loss_of_function,-1.85418823133182,0.678303866819512,0.1883,benign,https://doi.org/10.1101/2022.10.22.513328,M,71,NP_000234:p.Leu71Met,"hg19,16:g.3306377G>T, hg38,16:g.3256377G>T",,,0.302,"cBioPortal,COSMIC,saturation",0.24668,1.8628133333333332,1.5500153875558276,Neutral,Neutral,-0.15462,1.0901366666666668,0.6049891804369684,Neutral,Neutral,7.962,5.775,16.865,8.178,,True,7.962,,neutral,neutral,neutral,,True,16.865,,neutral,neutral,neutral,uncertain,,,,92.89,H,-0.2942,0.0994,-19.5732,loss_of_function,-1.85418823133182,0.678303866819512,0.1883,benign,https://doi.org/10.1101/2022.10.22.513328,M,71
MEFV,V73I,NP_000234:p.Val73Ile,"hg19,16:g.3306371C>T, hg38,16:g.3256371C>T",,,0.093,"saturation,clinvar",-0.69518,-0.60737,0.1089672234582694,Neutral,Neutral,0.53056,0.5475066666666666,0.64487430535068,Neutral,Neutral,1.25,1.61,2.165,1.472,,True,1.25,,neutral,neutral,neutral,,True,2.165,,neutral,neutral,neutral,neutral,1064642,Uncertain significance,0,93.58,H,-0.1176,0.746,-2.585,loss_of_function,-0.516205282283988,0.8405510995381006,0.1176,benign,https://doi.org/10.1101/2022.10.22.513328,I,73,NP_000234:p.Val73Ile,"hg19,16:g.3306371C>T, hg38,16:g.3256371C>T",,,0.093,"saturation,clinvar",-0.51766,-0.60737,0.1089672234582694,Neutral,Neutral,0.53056,0.5475066666666666,0.64487430535068,Neutral,Neutral,1.25,1.61,2.165,1.472,,True,1.25,,neutral,neutral,neutral,,True,2.165,,neutral,neutral,neutral,neutral,1064642,Uncertain significance,0,93.58,H,-0.1176,0.746,-2.585,loss_of_function,-0.516205282283988,0.8405510995381006,0.1176,benign,https://doi.org/10.1101/2022.10.22.513328,I,73
MEFV,R75Q,NP_000234:p.Arg75Gln,"hg19,16:g.3306364C>T, hg38,16:g.3256364C>T",,3.99555694068e-05,0.158,"saturation,clinvar",0.02662,0.3359399999999999,1.0409958727111075,Neutral,Neutral,0.13558,0.3667766666666667,1.043640135904422,Neutral,Neutral,47.944,10.557,64.075,13.128,,False,47.944,,neutral,neutral,neutral,,False,64.075,,neutral,neutral,neutral,uncertain,860477,Uncertain significance,2,91.74,H,-0.2508,0.5135,-5.2854,loss_of_function,-1.60231203542877,0.7088470182117157,0.1248,benign,https://doi.org/10.1101/2022.10.22.513328,Q,75,NP_000234:p.Arg75Gln,"hg19,16:g.3306364C>T, hg38,16:g.3256364C>T",,3.99555694068e-05,0.158,"saturation,clinvar",0.20965,0.3359399999999999,1.0409958727111075,Neutral,Neutral,0.13558,0.3667766666666667,1.043640135904422,Neutral,Neutral,47.944,10.557,64.075,13.128,,False,47.944,,neutral,neutral,neutral,,False,64.075,,neutral,neutral,neutral,uncertain,860477,Uncertain significance,2,91.74,H,-0.2508,0.5135,-5.2854,loss_of_function,-1.60231203542877,0.7088470182117157,0.1248,benign,https://doi.org/10.1101/2022.10.22.513328,Q,75
MEFV,R75W,NP_000234:p.Arg75Trp,"hg19,16:g.3306365G>A",,3.9956846606e-06,0.205,"cBioPortal,saturation",0.56931,-0.7985266666666666,0.0569550486764294,Neutral,Neutral,0.18618,-0.4212,0.0021372946437035,Neutral,Neutral,47.944,10.557,64.075,13.128,,False,47.944,,neutral,neutral,neutral,,False,64.075,,neutral,neutral,neutral,uncertain,,,,91.74,H,-0.3667,0.5135,-19.5732,loss_of_function,-2.47294037251317,0.603272400449318,0.2562,benign,https://doi.org/10.1101/2022.10.22.513328,W,75,NP_000234:p.Arg75Trp,"hg19,16:g.3306365G>A",,3.9956846606e-06,0.205,"cBioPortal,saturation",0.31643,-0.7985266666666666,0.0569550486764294,Neutral,Neutral,0.18618,-0.4212,0.0021372946437035,Neutral,Neutral,47.944,10.557,64.075,13.128,,False,47.944,,neutral,neutral,neutral,,False,64.075,,neutral,neutral,neutral,uncertain,,,,91.74,H,-0.3667,0.5135,-19.5732,loss_of_function,-2.47294037251317,0.603272400449318,0.2562,benign,https://doi.org/10.1101/2022.10.22.513328,W,75
MEFV,A76D,NP_000234:p.Ala76Asp,"hg19,16:g.3306361G>T, hg38,16:g.3256361G>T",,,0.293,"cBioPortal,COSMIC,saturation",0.91905,0.6434233333333333,0.3970461454177667,Neutral,Neutral,0.57289,-0.30964,0.0100650504613667,Neutral,Neutral,45.521,7.509,57.325,13.735,,False,45.521,,neutral,neutral,neutral,,False,57.325,,neutral,neutral,neutral,neutral,,,,90.72,H,-0.3297,0.8589,-19.5732,loss_of_function,-1.97505842251436,0.6636468384534258,0.5302,ambiguous,https://doi.org/10.1101/2022.10.22.513328,D,76,NP_000234:p.Ala76Asp,"hg19,16:g.3306361G>T, hg38,16:g.3256361G>T",,,0.293,"cBioPortal,COSMIC,saturation",1.06694,0.6434233333333333,0.3970461454177667,Neutral,Neutral,0.57289,-0.30964,0.0100650504613667,Neutral,Neutral,45.521,7.509,57.325,13.735,,False,45.521,,neutral,neutral,neutral,,False,57.325,,neutral,neutral,neutral,neutral,,,,90.72,H,-0.3297,0.8589,-19.5732,loss_of_function,-1.97505842251436,0.6636468384534258,0.5302,ambiguous,https://doi.org/10.1101/2022.10.22.513328,D,76
MEFV,N78K,NP_000234:p.Asn78Lys,"hg19,16:g.3306354G>T, hg38,16:g.3256354G>T",,,0.357,"cBioPortal,COSMIC,saturation",-0.06892,0.5814066666666666,0.2432518106939734,Neutral,Neutral,-0.36918,0.5560066666666666,0.2086209446598879,Neutral,Neutral,89.71,12.009,92.475,13.37,,True,89.71,,neutral,neutral,neutral,,True,92.475,,neutral,neutral,neutral,neutral,,,,88.44,T,-0.3185,0.0005,-19.5732,loss_of_function,-2.63427995283873,0.5837079505029048,0.7889,pathogenic,https://doi.org/10.1101/2022.10.22.513328,K,78,NP_000234:p.Asn78Lys,"hg19,16:g.3306354G>T, hg38,16:g.3256354G>T",,,0.357,"cBioPortal,COSMIC,saturation",-0.10486,0.5814066666666666,0.2432518106939734,Neutral,Neutral,-0.36918,0.5560066666666666,0.2086209446598879,Neutral,Neutral,89.71,12.009,92.475,13.37,,True,89.71,,neutral,neutral,neutral,,True,92.475,,neutral,neutral,neutral,neutral,,,,88.44,T,-0.3185,0.0005,-19.5732,loss_of_function,-2.63427995283873,0.5837079505029048,0.7889,pathogenic,https://doi.org/10.1101/2022.10.22.513328,K,78
MEFV,N78S,NP_000234:p.Asn78Ser,"hg19,16:g.3306355T>C, hg38,16:g.3256355T>C",,8.004418439e-06,0.387,"saturation,clinvar",0.51203,1.00499,0.8323822991963808,Neutral,Neutral,0.2697,0.8937633333333334,0.4174521085338774,Neutral,Neutral,89.71,12.009,92.475,13.37,,True,89.71,,neutral,neutral,neutral,,True,92.475,,neutral,neutral,neutral,neutral,234472,Conflicting classifications of pathogenicity,1,88.44,T,-0.2852,0.0005,-19.5732,loss_of_function,-2.63427995283873,0.5837079505029048,0.2111,benign,https://doi.org/10.1101/2022.10.22.513328,S,78,NP_000234:p.Asn78Ser,"hg19,16:g.3306355T>C, hg38,16:g.3256355T>C",,8.004418439e-06,0.387,"saturation,clinvar",0.37438,1.00499,0.8323822991963808,Neutral,Neutral,0.2697,0.8937633333333334,0.4174521085338774,Neutral,Neutral,89.71,12.009,92.475,13.37,,True,89.71,,neutral,neutral,neutral,,True,92.475,,neutral,neutral,neutral,neutral,234472,Conflicting classifications of pathogenicity,1,88.44,T,-0.2852,0.0005,-19.5732,loss_of_function,-2.63427995283873,0.5837079505029048,0.2111,benign,https://doi.org/10.1101/2022.10.22.513328,S,78
MEFV,R80C,NP_000234:p.Arg80Cys,"hg19,16:g.3306350G>A, hg38,16:g.3256350G>A",,2.40340321896e-05,0.158,"cBioPortal,COSMIC,saturation,clinvar",0.99182,0.7980733333333333,1.123466651618705,Neutral,Neutral,0.65153,1.0,1.5262532768598016,Neutral,Neutral,80.014,10.942,74.01,9.137,,True,80.014,,neutral,neutral,neutral,,True,74.01,,neutral,neutral,neutral,neutral,1694336,Uncertain significance,2,87.74,H,-0.2697,1.4714,-19.5732,loss_of_function,-1.6742893321368,0.700118867215656,0.1534,benign,https://doi.org/10.1101/2022.10.22.513328,C,80,NP_000234:p.Arg80Cys,"hg19,16:g.3306350G>A, hg38,16:g.3256350G>A",,2.40340321896e-05,0.158,"cBioPortal,COSMIC,saturation,clinvar",1.09677,0.7980733333333333,1.123466651618705,Neutral,Neutral,0.65153,1.0,1.5262532768598016,Neutral,Neutral,80.014,10.942,74.01,9.137,,True,80.014,,neutral,neutral,neutral,,True,74.01,,neutral,neutral,neutral,neutral,1694336,Uncertain significance,2,87.74,H,-0.2697,1.4714,-19.5732,loss_of_function,-1.6742893321368,0.700118867215656,0.1534,benign,https://doi.org/10.1101/2022.10.22.513328,C,80
MEFV,R80H,NP_000234:p.Arg80His,"hg19,16:g.3306349C>T, hg38,16:g.3256349C>T",6.37104994903e-05,4.81035187724e-05,0.027,"COSMIC,saturation,clinvar",0.88236,-0.0129233333333333,0.0024494338238142,Neutral,Neutral,0.60797,0.2828799999999999,0.2245782334046742,Neutral,Neutral,80.014,10.942,74.01,9.137,,True,80.014,,neutral,neutral,neutral,,True,74.01,,neutral,neutral,neutral,neutral,633298,Conflicting classifications of pathogenicity,1,87.74,H,-0.1397,1.4714,-1.7619,loss_of_function,-0.573320092425045,0.8336252116564735,0.0789,benign,https://doi.org/10.1101/2022.10.22.513328,H,80,NP_000234:p.Arg80His,"hg19,16:g.3306349C>T, hg38,16:g.3256349C>T",6.37104994903e-05,4.81035187724e-05,0.027,"COSMIC,saturation,clinvar",0.84551,-0.0129233333333333,0.0024494338238142,Neutral,Neutral,0.60797,0.2828799999999999,0.2245782334046742,Neutral,Neutral,80.014,10.942,74.01,9.137,,True,80.014,,neutral,neutral,neutral,,True,74.01,,neutral,neutral,neutral,neutral,633298,Conflicting classifications of pathogenicity,1,87.74,H,-0.1397,1.4714,-1.7619,loss_of_function,-0.573320092425045,0.8336252116564735,0.0789,benign,https://doi.org/10.1101/2022.10.22.513328,H,80
MEFV,E84D,NP_000234:p.Glu84Asp,"hg19,16:g.3306336C>G, hg38,16:g.3256336C>G",,,0.291,"saturation,clinvar",0.38701,0.7891166666666667,0.730935392558344,Neutral,Neutral,0.08243,0.6332233333333334,0.2428689568522011,Neutral,Neutral,63.117,13.357,67.285,13.031,,False,63.117,,neutral,neutral,neutral,,False,67.285,,neutral,neutral,neutral,neutral,2182636,Uncertain significance,1,89.21,H,-0.2727,0.0005,-19.5732,loss_of_function,-1.75899852458955,0.6898468139947493,0.3223,benign,https://doi.org/10.1101/2022.10.22.513328,D,84,NP_000234:p.Glu84Asp,"hg19,16:g.3306336C>G, hg38,16:g.3256336C>G",,,0.291,"saturation,clinvar",0.33465,0.7891166666666667,0.730935392558344,Neutral,Neutral,0.08243,0.6332233333333334,0.2428689568522011,Neutral,Neutral,63.117,13.357,67.285,13.031,,False,63.117,,neutral,neutral,neutral,,False,67.285,,neutral,neutral,neutral,neutral,2182636,Uncertain significance,1,89.21,H,-0.2727,0.0005,-19.5732,loss_of_function,-1.75899852458955,0.6898468139947493,0.3223,benign,https://doi.org/10.1101/2022.10.22.513328,D,84
MEFV,E84K,NP_000234:p.Glu84Lys,"hg19,16:g.3306338C>T, hg38,16:g.3256338C>T",,0.0001084982238439,0.360,"saturation,clinvar",0.02247,0.6942200000000001,0.6034148868049806,Neutral,Neutral,0.10935,0.6632666666666667,0.0630837986005703,Neutral,Neutral,63.117,13.357,67.285,13.031,,False,63.117,,neutral,neutral,neutral,,False,67.285,,neutral,neutral,neutral,neutral,632250,Conflicting classifications of pathogenicity,1,89.21,H,-0.329,0.0005,-19.5732,loss_of_function,-2.49904215337991,0.6001072317768253,0.1952,benign,https://doi.org/10.1101/2022.10.22.513328,K,84,NP_000234:p.Glu84Lys,"hg19,16:g.3306338C>T, hg38,16:g.3256338C>T",,0.0001084982238439,0.360,"saturation,clinvar",0.0906,0.6942200000000001,0.6034148868049806,Neutral,Neutral,0.10935,0.6632666666666667,0.0630837986005703,Neutral,Neutral,63.117,13.357,67.285,13.031,,False,63.117,,neutral,neutral,neutral,,False,67.285,,neutral,neutral,neutral,neutral,632250,Conflicting classifications of pathogenicity,1,89.21,H,-0.329,0.0005,-19.5732,loss_of_function,-2.49904215337991,0.6001072317768253,0.1952,benign,https://doi.org/10.1101/2022.10.22.513328,K,84
MEFV,E84Q,NP_000234:p.Glu84Gln,"hg19,16:g.3306338C>G, hg38,16:g.3256338C>G",3.1847133758e-05,8.0369054699e-06,0.309,"saturation,clinvar",0.01138,-0.0052133333333333,0.470845837910764,Neutral,Neutral,-0.0664,0.5539700000000001,0.2006341062810871,Neutral,Neutral,63.117,13.357,67.285,13.031,,False,63.117,,neutral,neutral,neutral,,False,67.285,,neutral,neutral,neutral,neutral,1518067,Conflicting classifications of pathogenicity,1,89.21,H,-0.2795,0.0005,-19.5732,loss_of_function,-1.75899852458955,0.6898468139947493,0.1985,benign,https://doi.org/10.1101/2022.10.22.513328,Q,84,NP_000234:p.Glu84Gln,"hg19,16:g.3306338C>G, hg38,16:g.3256338C>G",3.1847133758e-05,8.0369054699e-06,0.309,"saturation,clinvar",0.0117,-0.0052133333333333,0.470845837910764,Neutral,Neutral,-0.0664,0.5539700000000001,0.2006341062810871,Neutral,Neutral,63.117,13.357,67.285,13.031,,False,63.117,,neutral,neutral,neutral,,False,67.285,,neutral,neutral,neutral,neutral,1518067,Conflicting classifications of pathogenicity,1,89.21,H,-0.2795,0.0005,-19.5732,loss_of_function,-1.75899852458955,0.6898468139947493,0.1985,benign,https://doi.org/10.1101/2022.10.22.513328,Q,84
MEFV,E85M,NP_000234:p.Glu85Met,"hg19,16:g.3306334_3306335delinsAT, hg38,16:g.3256334_3256335delinsAT",,,,"saturation,clinvar",-0.87054,-0.8651933333333334,-0.1156433792689919,Neutral,Neutral,-0.8014,-1.0339033333333332,-0.0923840126236528,Neutral,Neutral,63.188,11.297,70.065,13.14,,False,63.188,,neutral,neutral,neutral,,False,70.065,,neutral,neutral,neutral,neutral,,,,88.91,H,-0.2854,0.271,-19.5732,loss_of_function,-2.65116639032791,0.5816602579257726,0.7994,pathogenic,https://doi.org/10.1101/2022.10.22.513328,M,85,NP_000234:p.Glu85Met,"hg19,16:g.3306334_3306335delinsAT, hg38,16:g.3256334_3256335delinsAT",,,,"saturation,clinvar",-0.91704,-0.8651933333333334,-0.1156433792689919,Neutral,Neutral,-0.8014,-1.0339033333333332,-0.0923840126236528,Neutral,Neutral,63.188,11.297,70.065,13.14,,False,63.188,,neutral,neutral,neutral,,False,70.065,,neutral,neutral,neutral,neutral,,,,88.91,H,-0.2854,0.271,-19.5732,loss_of_function,-2.65116639032791,0.5816602579257726,0.7994,pathogenic,https://doi.org/10.1101/2022.10.22.513328,M,85
MEFV,E85Q,NP_000234:p.Glu85Gln,"hg19,16:g.3306335C>G, hg38,16:g.3256335C>G",,,0.246,"cBioPortal,COSMIC,saturation",-0.1953,-0.4495466666666667,0.3146291214359857,Neutral,Neutral,-0.16371,-0.3999999999999999,0.2136107066272365,Neutral,Neutral,63.188,11.297,70.065,13.14,,False,63.188,,neutral,neutral,neutral,,False,70.065,,neutral,neutral,neutral,neutral,,,,88.91,H,-0.2546,0.271,-19.5732,loss_of_function,-1.86714833224978,0.6767322918519917,0.3044,benign,https://doi.org/10.1101/2022.10.22.513328,Q,85,NP_000234:p.Glu85Gln,"hg19,16:g.3306335C>G, hg38,16:g.3256335C>G",,,0.246,"cBioPortal,COSMIC,saturation",-0.20135,-0.4495466666666667,0.3146291214359857,Neutral,Neutral,-0.16371,-0.3999999999999999,0.2136107066272365,Neutral,Neutral,63.188,11.297,70.065,13.14,,False,63.188,,neutral,neutral,neutral,,False,70.065,,neutral,neutral,neutral,neutral,,,,88.91,H,-0.2546,0.271,-19.5732,loss_of_function,-1.86714833224978,0.6767322918519917,0.3044,benign,https://doi.org/10.1101/2022.10.22.513328,Q,85
MEFV,R88K,NP_000234:p.Arg88Lys,"hg19,16:g.3306325C>T, hg38,16:g.3256325C>T",,,0.086,"cBioPortal,COSMIC,saturation",0.11104,-0.0918366666666666,0.7486357538855358,Neutral,Neutral,-0.19493,0.0130366666666666,0.4095256985314564,Neutral,Neutral,63.14,10.925,78.075,6.92,,False,63.14,,neutral,neutral,neutral,,False,78.075,,neutral,neutral,neutral,uncertain,,,,86.47,H,-0.0733,1.3222,-1.6416,loss_of_function,-0.461679177346411,0.8471630744091863,0.0957,benign,https://doi.org/10.1101/2022.10.22.513328,K,88,NP_000234:p.Arg88Lys,"hg19,16:g.3306325C>T, hg38,16:g.3256325C>T",,,0.086,"cBioPortal,COSMIC,saturation",0.0957,-0.0918366666666666,0.7486357538855358,Neutral,Neutral,-0.19493,0.0130366666666666,0.4095256985314564,Neutral,Neutral,63.14,10.925,78.075,6.92,,False,63.14,,neutral,neutral,neutral,,False,78.075,,neutral,neutral,neutral,uncertain,,,,86.47,H,-0.0733,1.3222,-1.6416,loss_of_function,-0.461679177346411,0.8471630744091863,0.0957,benign,https://doi.org/10.1101/2022.10.22.513328,K,88
MEFV,A89T,NP_000234:p.Ala89Thr,"hg19,16:g.3306323C>T, hg38,16:g.3256323C>T",,1.20825479677e-05,0.327,"COSMIC,saturation,clinvar",0.6608,0.9917233333333334,0.3573199635344091,Neutral,Neutral,0.73608,1.4981866666666666,0.383412442717538,Neutral,Neutral,18.587,15.356,22.145,12.199,,False,18.587,,neutral,neutral,neutral,,False,22.145,,neutral,neutral,neutral,uncertain,97513,Conflicting classifications of pathogenicity,1,83.02,H,-0.1597,0.7623,-6.2853,loss_of_function,-1.49175230566055,0.7222537736698282,0.1213,benign,https://doi.org/10.1101/2022.10.22.513328,T,89,NP_000234:p.Ala89Thr,"hg19,16:g.3306323C>T, hg38,16:g.3256323C>T",,1.20825479677e-05,0.327,"COSMIC,saturation,clinvar",0.34054,0.9917233333333334,0.3573199635344091,Neutral,Neutral,0.73608,1.4981866666666666,0.383412442717538,Neutral,Neutral,18.587,15.356,22.145,12.199,,False,18.587,,neutral,neutral,neutral,,False,22.145,,neutral,neutral,neutral,uncertain,97513,Conflicting classifications of pathogenicity,1,83.02,H,-0.1597,0.7623,-6.2853,loss_of_function,-1.49175230566055,0.7222537736698282,0.1213,benign,https://doi.org/10.1101/2022.10.22.513328,T,89
MEFV,A90P,NP_000234:p.Ala90Pro,"hg19,16:g.3306320C>G, hg38,16:g.3256320C>G",,,0.179,"saturation,clinvar",4.03771,6.62653,7.652288220481869,Destabilizing,Destabilizing,4.15822,6.42846,7.753033528012499,Destabilizing,Destabilizing,10.451,11.754,34.56,12.214,,False,10.451,,neutral,neutral,neutral,,False,34.56,,neutral,neutral,neutral,uncertain,1051961,Conflicting classifications of pathogenicity,1,80.88,H,-0.2826,1.8013,-19.5545,loss_of_function,-1.08591586702404,0.771466537668054,0.3391,benign,https://doi.org/10.1101/2022.10.22.513328,P,90,NP_000234:p.Ala90Pro,"hg19,16:g.3306320C>G, hg38,16:g.3256320C>G",,,0.179,"saturation,clinvar",4.08566,6.62653,7.652288220481869,Destabilizing,Destabilizing,4.15822,6.42846,7.753033528012499,Destabilizing,Destabilizing,10.451,11.754,34.56,12.214,,False,10.451,,neutral,neutral,neutral,,False,34.56,,neutral,neutral,neutral,uncertain,1051961,Conflicting classifications of pathogenicity,1,80.88,H,-0.2826,1.8013,-19.5545,loss_of_function,-1.08591586702404,0.771466537668054,0.3391,benign,https://doi.org/10.1101/2022.10.22.513328,P,90
MEFV,A90V,NP_000234:p.Ala90Val,"hg19,16:g.3306319G>A",,4.0309577556e-06,0.074,"cBioPortal,saturation",-0.09612,0.2702966666666667,0.0632311889743584,Neutral,Neutral,-0.39045,-0.0222199999999999,0.1054158989384042,Neutral,Neutral,10.451,11.754,34.56,12.214,,False,10.451,,neutral,neutral,neutral,,False,34.56,,neutral,neutral,neutral,uncertain,,,,80.88,H,-0.0492,1.8013,-3.9449,loss_of_function,-0.36984694233832,0.8582988859791535,0.1097,benign,https://doi.org/10.1101/2022.10.22.513328,V,90,NP_000234:p.Ala90Val,"hg19,16:g.3306319G>A",,4.0309577556e-06,0.074,"cBioPortal,saturation",-0.12359,0.2702966666666667,0.0632311889743584,Neutral,Neutral,-0.39045,-0.0222199999999999,0.1054158989384042,Neutral,Neutral,10.451,11.754,34.56,12.214,,False,10.451,,neutral,neutral,neutral,,False,34.56,,neutral,neutral,neutral,uncertain,,,,80.88,H,-0.0492,1.8013,-3.9449,loss_of_function,-0.36984694233832,0.8582988859791535,0.1097,benign,https://doi.org/10.1101/2022.10.22.513328,V,90
MEFV,Q92H,NP_000234:p.Gln92His,"hg19,16:g.3306312C>A",,,0.133,"cBioPortal,saturation",0.34272,0.04286,-0.3739785664733452,Neutral,Neutral,0.367,0.0435366666666666,-0.4650165781964726,Neutral,Neutral,75.267,23.239,70.675,11.952,,False,75.267,,neutral,neutral,neutral,,False,70.675,,neutral,neutral,neutral,uncertain,,,,64.45,H,-0.1431,1.5642,-19.5166,loss_of_function,-1.99869459559438,0.6607806556840414,0.1736,benign,https://doi.org/10.1101/2022.10.22.513328,H,92,NP_000234:p.Gln92His,"hg19,16:g.3306312C>A",,,0.133,"cBioPortal,saturation",0.43347,0.04286,-0.3739785664733452,Neutral,Neutral,0.367,0.0435366666666666,-0.4650165781964726,Neutral,Neutral,75.267,23.239,70.675,11.952,,False,75.267,,neutral,neutral,neutral,,False,70.675,,neutral,neutral,neutral,uncertain,,,,64.45,H,-0.1431,1.5642,-19.5166,loss_of_function,-1.99869459559438,0.6607806556840414,0.1736,benign,https://doi.org/10.1101/2022.10.22.513328,H,92
MEFV,Q92L,NP_000234:p.Gln92Leu,"hg19,16:g.3306313T>A, hg38,16:g.3256313T>A",,,0.134,"cBioPortal,COSMIC,saturation",0.00491,-0.43526,-0.5931118404919783,Neutral,Neutral,-0.43601,-0.5554433333333333,-0.8640699910942272,Neutral,Neutral,75.267,23.239,70.675,11.952,,False,75.267,,neutral,neutral,neutral,,False,70.675,,neutral,neutral,neutral,uncertain,,,,64.45,H,-0.0932,1.5642,-6.2287,loss_of_function,-1.99869459559438,0.6607806556840414,0.121,benign,https://doi.org/10.1101/2022.10.22.513328,L,92,NP_000234:p.Gln92Leu,"hg19,16:g.3306313T>A, hg38,16:g.3256313T>A",,,0.134,"cBioPortal,COSMIC,saturation",0.13678,-0.43526,-0.5931118404919783,Neutral,Neutral,-0.43601,-0.5554433333333333,-0.8640699910942272,Neutral,Neutral,75.267,23.239,70.675,11.952,,False,75.267,,neutral,neutral,neutral,,False,70.675,,neutral,neutral,neutral,uncertain,,,,64.45,H,-0.0932,1.5642,-6.2287,loss_of_function,-1.99869459559438,0.6607806556840414,0.121,benign,https://doi.org/10.1101/2022.10.22.513328,L,92
MEFV,E93Q,NP_000234:p.Glu93Gln,"hg19,16:g.3306311C>G, hg38,16:g.3256311C>G",,4.44117860805e-05,0.026,"saturation,clinvar",-0.07481,0.3117933333333333,0.3947208969537725,Neutral,Neutral,-0.70827,0.4650766666666666,0.2462184184408999,Neutral,Neutral,62.27,32.182,29.515,12.778,,False,62.27,,neutral,neutral,neutral,,False,29.515,,neutral,neutral,neutral,uncertain,319118,Conflicting classifications of pathogenicity,1,57.88,H,-0.1963,0.9028,-19.5357,loss_of_function,-1.98066094028986,0.6629674628261216,0.1267,benign,https://doi.org/10.1101/2022.10.22.513328,Q,93,NP_000234:p.Glu93Gln,"hg19,16:g.3306311C>G, hg38,16:g.3256311C>G",,4.44117860805e-05,0.026,"saturation,clinvar",0.09626,0.3117933333333333,0.3947208969537725,Neutral,Neutral,-0.70827,0.4650766666666666,0.2462184184408999,Neutral,Neutral,62.27,32.182,29.515,12.778,,False,62.27,,neutral,neutral,neutral,,False,29.515,,neutral,neutral,neutral,uncertain,319118,Conflicting classifications of pathogenicity,1,57.88,H,-0.1963,0.9028,-19.5357,loss_of_function,-1.98066094028986,0.6629674628261216,0.1267,benign,https://doi.org/10.1101/2022.10.22.513328,Q,93
MEFV,S95F,NP_000234:p.Ser95Phe,"hg19,16:g.3304784G>A",,8.181029828e-06,0.133,"cBioPortal,saturation",-0.24808,0.45771,-0.8527118524153945,Neutral,Neutral,-0.82136,-0.3837866666666666,-0.4938702299868787,Neutral,Neutral,71.574,24.771,80.89,9.22,,True,71.574,,uncertain,,,,True,80.89,,uncertain,,,uncertain,,,,51.15,T,-0.1033,2.6227,-19.5166,loss_of_function,-1.37244704406565,0.7367210346736512,0.1304,benign,https://doi.org/10.1101/2022.10.22.513328,F,95,NP_000234:p.Ser95Phe,"hg19,16:g.3304784G>A",,8.181029828e-06,0.133,"cBioPortal,saturation",-0.19392,0.45771,-0.8527118524153945,Neutral,Neutral,-0.82136,-0.3837866666666666,-0.4938702299868787,Neutral,Neutral,71.574,24.771,80.89,9.22,,True,71.574,,uncertain,,,,True,80.89,,uncertain,,,uncertain,,,,51.15,T,-0.1033,2.6227,-19.5166,loss_of_function,-1.37244704406565,0.7367210346736512,0.1304,benign,https://doi.org/10.1101/2022.10.22.513328,F,95
MEFV,T96I,NP_000234:p.Thr96Ile,"hg19,16:g.3304781G>A, hg38,16:g.3254781G>A",,4.0794347535e-06,0.077,"cBioPortal,COSMIC,saturation",0.10071,0.2475066666666666,-0.1998770994464378,Neutral,Neutral,-0.51738,-0.1172366666666666,-0.2328070787103641,Neutral,Neutral,105.865,28.657,65.655,16.894,,True,105.865,,uncertain,,,,True,65.655,,uncertain,,,uncertain,,,,45.76,T,-0.0438,2.1553,-1.3515,loss_of_function,-0.385122937915649,0.8564464797050625,0.094,benign,https://doi.org/10.1101/2022.10.22.513328,I,96,NP_000234:p.Thr96Ile,"hg19,16:g.3304781G>A, hg38,16:g.3254781G>A",,4.0794347535e-06,0.077,"cBioPortal,COSMIC,saturation",-0.26691,0.2475066666666666,-0.1998770994464378,Neutral,Neutral,-0.51738,-0.1172366666666666,-0.2328070787103641,Neutral,Neutral,105.865,28.657,65.655,16.894,,True,105.865,,uncertain,,,,True,65.655,,uncertain,,,uncertain,,,,45.76,T,-0.0438,2.1553,-1.3515,loss_of_function,-0.385122937915649,0.8564464797050625,0.094,benign,https://doi.org/10.1101/2022.10.22.513328,I,96
MEFV,Q97E,NP_000234:p.Gln97Glu,"hg19,16:g.3304779G>C, hg38,16:g.3254779G>C",,4.0768070447e-06,0.106,"cBioPortal,COSMIC,saturation",0.32303,0.74433,-0.2474617353660126,Neutral,Neutral,0.62791,0.9068033333333334,-0.1814900371871147,Neutral,Neutral,106.623,27.247,81.85,14.515,,True,106.623,,neutral,neutral,neutral,,True,81.85,,neutral,neutral,neutral,uncertain,,,,40.34,T,-0.0846,1.3171,-2.7885,loss_of_function,-0.289211292007484,0.8680769710690661,0.0686,benign,https://doi.org/10.1101/2022.10.22.513328,E,97,NP_000234:p.Gln97Glu,"hg19,16:g.3304779G>C, hg38,16:g.3254779G>C",,4.0768070447e-06,0.106,"cBioPortal,COSMIC,saturation",0.32068,0.74433,-0.2474617353660126,Neutral,Neutral,0.62791,0.9068033333333334,-0.1814900371871147,Neutral,Neutral,106.623,27.247,81.85,14.515,,True,106.623,,neutral,neutral,neutral,,True,81.85,,neutral,neutral,neutral,uncertain,,,,40.34,T,-0.0846,1.3171,-2.7885,loss_of_function,-0.289211292007484,0.8680769710690661,0.0686,benign,https://doi.org/10.1101/2022.10.22.513328,E,97
MEFV,Q97K,NP_000234:p.Gln97Lys,"hg19,16:g.3304779G>T, hg38,16:g.3254779G>T",,5.70752986261e-05,0.138,"saturation,clinvar",-0.0783,0.2983,-0.3028896866628838,Neutral,Neutral,-0.445,0.3320833333333333,-0.2081385257010065,Neutral,Neutral,106.623,27.247,81.85,14.515,,True,106.623,,neutral,neutral,neutral,,True,81.85,,neutral,neutral,neutral,uncertain,445870,Conflicting classifications of pathogenicity,1,40.34,T,-0.1251,1.3171,-5.2479,loss_of_function,-0.840590472283765,0.8012153221652936,0.0786,benign,https://doi.org/10.1101/2022.10.22.513328,K,97,NP_000234:p.Gln97Lys,"hg19,16:g.3304779G>T, hg38,16:g.3254779G>T",,5.70752986261e-05,0.138,"saturation,clinvar",-0.04553,0.2983,-0.3028896866628838,Neutral,Neutral,-0.445,0.3320833333333333,-0.2081385257010065,Neutral,Neutral,106.623,27.247,81.85,14.515,,True,106.623,,neutral,neutral,neutral,,True,81.85,,neutral,neutral,neutral,uncertain,445870,Conflicting classifications of pathogenicity,1,40.34,T,-0.1251,1.3171,-5.2479,loss_of_function,-0.840590472283765,0.8012153221652936,0.0786,benign,https://doi.org/10.1101/2022.10.22.513328,K,97
MEFV,E98K,NP_000234:p.Glu98Lys,"hg19,16:g.3304776C>T, hg38,16:g.3254776C>T",,,0.247,"saturation,clinvar",-0.14207,-0.20136,0.1176203964086616,Neutral,Neutral,-0.53803,0.2959166666666666,-0.0295731586275042,Neutral,Neutral,141.666,23.048,97.305,12.334,,False,141.666,,neutral,neutral,neutral,,False,97.305,,neutral,neutral,neutral,uncertain,1797792,Uncertain significance,1,36.24,S,-0.2724,0.6136,-19.5357,loss_of_function,-2.11948219426974,0.646133642696509,0.0904,benign,https://doi.org/10.1101/2022.10.22.513328,K,98,NP_000234:p.Glu98Lys,"hg19,16:g.3304776C>T, hg38,16:g.3254776C>T",,,0.247,"saturation,clinvar",-0.19316,-0.20136,0.1176203964086616,Neutral,Neutral,-0.53803,0.2959166666666666,-0.0295731586275042,Neutral,Neutral,141.666,23.048,97.305,12.334,,False,141.666,,neutral,neutral,neutral,,False,97.305,,neutral,neutral,neutral,uncertain,1797792,Uncertain significance,1,36.24,S,-0.2724,0.6136,-19.5357,loss_of_function,-2.11948219426974,0.646133642696509,0.0904,benign,https://doi.org/10.1101/2022.10.22.513328,K,98
