protein,Mutation,HGVSp_x,HGVSg_x,gnomAD genome allele frequency_x,gnomAD exome allele frequency_x,REVEL score_x,Mutation sources_x,"Stability (FoldX5, kcal/mol) [md]_x","Stability (Rosetta Cartddg2020, kcal/mol) [md]_x","Stability classification, (Rosetta, FoldX) [md]_1000ns",Relative Side Chain Solvent Accessibility in wild-type (average) [md]_x,Relative Side Chain Solvent Accessibility in wild-type (standard deviation) [md]_x,PTMs [md]_x,is site part of phospho-SLiM [md]_x,PTM residue SASA (%) [md]_x,"Change in stability with PTM (FoldX5, kcal/mol) [md]_x",PTM effect in regulation [md]_x,PTM effect in stability [md]_x,PTM effect in function [md]_x,AlloSigma2-PSN classification [md]_x,DeMaSk delta fitness_x,DeMaSk Shannon entropy_x,DeMaSk log2 variant frequency_x,DeMaSk predicted consequence_x,GEMME Score_x,GEMME Score (rank-normalized)_x,AlphaMissense pathogenicity score_x,AlphaMissense classification_x,References_x,Mut_res_x,Position_x,HGVSp_y,HGVSg_y,gnomAD genome allele frequency_y,gnomAD exome allele frequency_y,REVEL score_y,Mutation sources_y,"Stability (FoldX5, kcal/mol) [md]_y","Stability (Rosetta Cartddg2020, kcal/mol) [md]_y","Stability classification, (Rosetta, FoldX) [md]_100ns",Relative Side Chain Solvent Accessibility in wild-type (average) [md]_y,Relative Side Chain Solvent Accessibility in wild-type (standard deviation) [md]_y,PTMs [md]_y,is site part of phospho-SLiM [md]_y,PTM residue SASA (%) [md]_y,"Change in stability with PTM (FoldX5, kcal/mol) [md]_y",PTM effect in regulation [md]_y,PTM effect in stability [md]_y,PTM effect in function [md]_y,AlloSigma2-PSN classification [md]_y,DeMaSk delta fitness_y,DeMaSk Shannon entropy_y,DeMaSk log2 variant frequency_y,DeMaSk predicted consequence_y,GEMME Score_y,GEMME Score (rank-normalized)_y,AlphaMissense pathogenicity score_y,AlphaMissense classification_y,References_y,Mut_res_y,Position_y
PPIA,P4L,NP_001287910:p.Pro4Leu,"hg19,7:g.44836334C>T, hg38,7:g.44796735C>T",,,0.276,"cBioPortal,COSMIC,saturation",1.47052,0.7062366666666667,Neutral,18.299,8.57,,False,18.299,,neutral,neutral,neutral,damaging,-0.2589,0.4213,-6.8073,loss_of_function,-0.655052924866123,0.9154193640690363,0.8505,pathogenic,https://doi.org/10.1101/2022.10.22.513328,L,4,NP_001287910:p.Pro4Leu,"hg19,7:g.44836334C>T, hg38,7:g.44796735C>T",,,0.276,"cBioPortal,COSMIC,saturation",1.32511,0.7062366666666667,Neutral,18.299,8.57,,False,18.299,,neutral,neutral,neutral,damaging,-0.2589,0.4213,-6.8073,loss_of_function,-0.655052924866123,0.9154193640690363,0.8505,pathogenic,https://doi.org/10.1101/2022.10.22.513328,L,4
PPIA,S21F,NP_001287910:p.Ser21Phe,"hg19,7:g.44836385C>T, hg38,7:g.44796786C>T",,,0.107,"cBioPortal,COSMIC,saturation",0.31796,-0.9896833333333334,Neutral,11.912,5.672,P,True,11.912,1.649,uncertain,neutral,uncertain,uncertain,-0.1213,1.728,-6.9069,loss_of_function,-0.684649041517048,0.9128296125245862,0.3626,ambiguous,https://doi.org/10.1101/2022.10.22.513328,F,21,NP_001287910:p.Ser21Phe,"hg19,7:g.44836385C>T, hg38,7:g.44796786C>T",,,0.107,"cBioPortal,COSMIC,saturation",-0.10582,-0.9896833333333334,Neutral,11.912,5.672,P,True,11.912,1.649,uncertain,neutral,uncertain,uncertain,-0.1213,1.728,-6.9069,loss_of_function,-0.684649041517048,0.9128296125245862,0.3626,ambiguous,https://doi.org/10.1101/2022.10.22.513328,F,21
PPIA,E23Q,NP_001287910:p.Glu23Gln,"hg19,7:g.44836390G>C, hg38,7:g.44796791G>C",,,0.208,"cBioPortal,COSMIC,saturation",0.34076,0.57551,Neutral,27.445,8.392,,True,27.445,,neutral,neutral,neutral,damaging,-0.1185,0.9092,-4.4101,loss_of_function,-0.160389954206987,0.9587039005964566,0.2065,benign,https://doi.org/10.1101/2022.10.22.513328,Q,23,NP_001287910:p.Glu23Gln,"hg19,7:g.44836390G>C, hg38,7:g.44796791G>C",,,0.208,"cBioPortal,COSMIC,saturation",0.29366,0.57551,Neutral,27.445,8.392,,True,27.445,,neutral,neutral,neutral,damaging,-0.1185,0.9092,-4.4101,loss_of_function,-0.160389954206987,0.9587039005964566,0.2065,benign,https://doi.org/10.1101/2022.10.22.513328,Q,23
PPIA,V29I,NP_001287910:p.Val29Ile,"hg19,7:g.44838861G>A",,,0.237,"cBioPortal,saturation",0.33908,0.5350333333333334,Neutral,2.124,2.809,,True,2.124,,neutral,neutral,neutral,damaging,-0.1187,0.86,-4.8667,loss_of_function,-0.386974131206278,0.9388770858405578,0.4932,ambiguous,https://doi.org/10.1101/2022.10.22.513328,I,29,NP_001287910:p.Val29Ile,"hg19,7:g.44838861G>A",,,0.237,"cBioPortal,saturation",1.31389,0.5350333333333334,Neutral,2.124,2.809,,True,2.124,,neutral,neutral,neutral,damaging,-0.1187,0.86,-4.8667,loss_of_function,-0.386974131206278,0.9388770858405578,0.4932,ambiguous,https://doi.org/10.1101/2022.10.22.513328,I,29
PPIA,C52Y,NP_001287910:p.Cys52Tyr,"hg38,7:g.44799446G>A",,,0.212,"COSMIC,saturation",0.28876,0.0026066666666666,Neutral,26.866,9.37,,True,26.866,,neutral,neutral,neutral,uncertain,-0.2282,2.0432,-6.6438,loss_of_function,-0.513607837295471,0.927796245749543,0.4864,ambiguous,https://doi.org/10.1101/2022.10.22.513328,Y,52,NP_001287910:p.Cys52Tyr,"hg38,7:g.44799446G>A",,,0.212,"COSMIC,saturation",0.14039,0.0026066666666666,Neutral,26.866,9.37,,True,26.866,,neutral,neutral,neutral,uncertain,-0.2282,2.0432,-6.6438,loss_of_function,-0.513607837295471,0.927796245749543,0.4864,ambiguous,https://doi.org/10.1101/2022.10.22.513328,Y,52
PPIA,R55K,NP_001287910:p.Arg55Lys,"hg19,7:g.44839054G>A, hg38,7:g.44799455G>A",,,0.583,"cBioPortal,COSMIC,saturation",0.1342,0.47347,Neutral,50.301,8.134,,True,50.301,,neutral,neutral,neutral,uncertain,-0.1969,0.2561,-6.6409,loss_of_function,-0.0980627397151284,0.9641577242144452,0.9688,pathogenic,https://doi.org/10.1101/2022.10.22.513328,K,55,NP_001287910:p.Arg55Lys,"hg19,7:g.44839054G>A, hg38,7:g.44799455G>A",,,0.583,"cBioPortal,COSMIC,saturation",0.0187,0.47347,Neutral,50.301,8.134,,True,50.301,,neutral,neutral,neutral,uncertain,-0.1969,0.2561,-6.6409,loss_of_function,-0.0980627397151284,0.9641577242144452,0.9688,pathogenic,https://doi.org/10.1101/2022.10.22.513328,K,55
PPIA,F67S,NP_001287910:p.Phe67Ser,"hg38,7:g.44799712T>C",,,0.674,"COSMIC,saturation",3.60134,3.0966,Destabilizing,9.307,3.841,,False,9.307,,neutral,neutral,neutral,uncertain,-0.3343,0.2295,-7.9657,loss_of_function,-1.23345005517327,0.8648078301578261,0.993,pathogenic,https://doi.org/10.1101/2022.10.22.513328,S,67,NP_001287910:p.Phe67Ser,"hg38,7:g.44799712T>C",,,0.674,"COSMIC,saturation",3.47197,3.0966,Destabilizing,9.307,3.841,,False,9.307,,neutral,neutral,neutral,uncertain,-0.3343,0.2295,-7.9657,loss_of_function,-1.23345005517327,0.8648078301578261,0.993,pathogenic,https://doi.org/10.1101/2022.10.22.513328,S,67
PPIA,R69G,NP_001287910:p.Arg69Gly,"hg19,7:g.44839316C>G, hg38,7:g.44799717C>G",,,0.093,"cBioPortal,COSMIC,saturation",1.45741,1.4646233333333332,Neutral,73.545,5.184,,False,73.545,,neutral,neutral,neutral,uncertain,-0.1756,2.1383,-7.9657,loss_of_function,-0.627154830855363,0.9178605333921516,0.5716,pathogenic,https://doi.org/10.1101/2022.10.22.513328,G,69,NP_001287910:p.Arg69Gly,"hg19,7:g.44839316C>G, hg38,7:g.44799717C>G",,,0.093,"cBioPortal,COSMIC,saturation",1.78729,1.4646233333333332,Neutral,73.545,5.184,,False,73.545,,neutral,neutral,neutral,uncertain,-0.1756,2.1383,-7.9657,loss_of_function,-0.627154830855363,0.9178605333921516,0.5716,pathogenic,https://doi.org/10.1101/2022.10.22.513328,G,69
PPIA,R69H,NP_001287910:p.Arg69His,"hg38,7:g.44799718G>A",,1.59229330043e-05,0.049,"COSMIC,saturation",0.5079,-0.21043,Neutral,73.545,5.184,,False,73.545,,neutral,neutral,neutral,uncertain,-0.0871,2.1383,-3.4739,loss_of_function,-0.0881218037792128,0.9650275867878688,0.1639,benign,https://doi.org/10.1101/2022.10.22.513328,H,69,NP_001287910:p.Arg69His,"hg38,7:g.44799718G>A",,1.59229330043e-05,0.049,"COSMIC,saturation",0.55212,-0.21043,Neutral,73.545,5.184,,False,73.545,,neutral,neutral,neutral,uncertain,-0.0871,2.1383,-3.4739,loss_of_function,-0.0881218037792128,0.9650275867878688,0.1639,benign,https://doi.org/10.1101/2022.10.22.513328,H,69
PPIA,G75V,NP_001287910:p.Gly75Val,"hg38,7:g.44799736G>T",,,0.584,"COSMIC,saturation",13.19524,10.11678,Destabilizing,0.126,0.796,,False,0.126,,neutral,neutral,neutral,neutral,-0.4317,0.4219,-22.2448,loss_of_function,-2.74834572136004,0.7322497841999525,0.9937,pathogenic,https://doi.org/10.1101/2022.10.22.513328,V,75,NP_001287910:p.Gly75Val,"hg38,7:g.44799736G>T",,,0.584,"COSMIC,saturation",11.46422,10.11678,Destabilizing,0.126,0.796,,False,0.126,,neutral,neutral,neutral,neutral,-0.4317,0.4219,-22.2448,loss_of_function,-2.74834572136004,0.7322497841999525,0.9937,pathogenic,https://doi.org/10.1101/2022.10.22.513328,V,75
PPIA,E84K,NP_001287910:p.Glu84Lys,"hg19,7:g.44839361G>A, hg38,7:g.44799762G>A",,,0.03,"cBioPortal,COSMIC,saturation",-0.1106,-0.0020433333333333,Neutral,71.027,17.799,,False,71.027,,neutral,neutral,neutral,uncertain,-0.0486,2.33,-6.6264,loss_of_function,-0.254165816561538,0.950498223235834,0.2987,benign,https://doi.org/10.1101/2022.10.22.513328,K,84,NP_001287910:p.Glu84Lys,"hg19,7:g.44839361G>A, hg38,7:g.44799762G>A",,,0.03,"cBioPortal,COSMIC,saturation",-0.15574,-0.0020433333333333,Neutral,71.027,17.799,,False,71.027,,neutral,neutral,neutral,uncertain,-0.0486,2.33,-6.6264,loss_of_function,-0.254165816561538,0.950498223235834,0.2987,benign,https://doi.org/10.1101/2022.10.22.513328,K,84
PPIA,D85N,NP_001287910:p.Asp85Asn,"hg19,7:g.44839364G>A",,,0.43,"cBioPortal,saturation",0.33543,-0.4465966666666667,Neutral,60.485,35.92,,False,60.485,,neutral,neutral,neutral,uncertain,-0.2209,0.1611,-6.6322,loss_of_function,-0.281898078897739,0.948071564696021,0.9683,pathogenic,https://doi.org/10.1101/2022.10.22.513328,N,85,NP_001287910:p.Asp85Asn,"hg19,7:g.44839364G>A",,,0.43,"cBioPortal,saturation",0.70429,-0.4465966666666667,Neutral,60.485,35.92,,False,60.485,,neutral,neutral,neutral,uncertain,-0.2209,0.1611,-6.6322,loss_of_function,-0.281898078897739,0.948071564696021,0.9683,pathogenic,https://doi.org/10.1101/2022.10.22.513328,N,85
PPIA,F88I,NP_001287910:p.Phe88Ile,"hg19,7:g.44839373T>A",,,0.421,"cBioPortal,saturation",1.68488,1.5972799999999998,Neutral,35.668,8.666,,False,35.668,,neutral,neutral,neutral,uncertain,-0.3716,0.2353,-22.2506,loss_of_function,-2.22100008470557,0.7783941548649543,0.9582,pathogenic,https://doi.org/10.1101/2022.10.22.513328,I,88,NP_001287910:p.Phe88Ile,"hg19,7:g.44839373T>A",,,0.421,"cBioPortal,saturation",1.67443,1.5972799999999998,Neutral,35.668,8.666,,False,35.668,,neutral,neutral,neutral,uncertain,-0.3716,0.2353,-22.2506,loss_of_function,-2.22100008470557,0.7783941548649543,0.9582,pathogenic,https://doi.org/10.1101/2022.10.22.513328,I,88
PPIA,G96C,NP_001287910:p.Gly96Cys,"hg19,7:g.44839397G>T, hg38,7:g.44799798G>T",,,0.7,"cBioPortal,COSMIC,saturation",4.22775,3.05692,Destabilizing,6.343,5.936,,False,6.343,,neutral,neutral,neutral,neutral,-0.4096,0.3678,-22.2477,loss_of_function,-1.93485873727169,0.8034324058351119,0.9033,pathogenic,https://doi.org/10.1101/2022.10.22.513328,C,96,NP_001287910:p.Gly96Cys,"hg19,7:g.44839397G>T, hg38,7:g.44799798G>T",,,0.7,"cBioPortal,COSMIC,saturation",3.85833,3.05692,Destabilizing,6.343,5.936,,False,6.343,,neutral,neutral,neutral,neutral,-0.4096,0.3678,-22.2477,loss_of_function,-1.93485873727169,0.8034324058351119,0.9033,pathogenic,https://doi.org/10.1101/2022.10.22.513328,C,96
PPIA,S99C,NP_001287910:p.Ser99Cys,"hg19,7:g.44839407C>G",,,0.684,"cBioPortal,saturation",0.74922,-0.0605466666666666,Neutral,0.009,0.08,P,False,0.009,12.347,uncertain,damaging,uncertain,uncertain,-0.309,0.2394,-22.2506,loss_of_function,-1.86636296519536,0.8094259972787187,0.9056,pathogenic,https://doi.org/10.1101/2022.10.22.513328,C,99,NP_001287910:p.Ser99Cys,"hg19,7:g.44839407C>G",,,0.684,"cBioPortal,saturation",0.78581,-0.0605466666666666,Neutral,0.009,0.08,P,False,0.009,12.347,uncertain,damaging,uncertain,uncertain,-0.309,0.2394,-22.2506,loss_of_function,-1.86636296519536,0.8094259972787187,0.9056,pathogenic,https://doi.org/10.1101/2022.10.22.513328,C,99
PPIA,S99F,NP_001287910:p.Ser99Phe,"hg19,7:g.44839407C>T",,,0.697,"cBioPortal,saturation",23.19826,3.8921766666666673,Destabilizing,0.009,0.08,P,False,0.009,12.347,uncertain,neutral,uncertain,uncertain,-0.2637,0.2394,-7.9628,loss_of_function,-2.85392810218548,0.7230110000366642,0.9969,pathogenic,https://doi.org/10.1101/2022.10.22.513328,F,99,NP_001287910:p.Ser99Phe,"hg19,7:g.44839407C>T",,,0.697,"cBioPortal,saturation",23.66583,3.8921766666666673,Destabilizing,0.009,0.08,P,False,0.009,12.347,uncertain,neutral,uncertain,uncertain,-0.2637,0.2394,-7.9628,loss_of_function,-2.85392810218548,0.7230110000366642,0.9969,pathogenic,https://doi.org/10.1101/2022.10.22.513328,F,99
PPIA,M100I,NP_001287910:p.Met100Ile,"hg19,7:g.44839411G>T, hg38,7:g.44799812G>T",,,0.57,"cBioPortal,COSMIC,saturation",1.33284,0.4823133333333333,Neutral,2.538,2.666,,False,2.538,,neutral,neutral,neutral,uncertain,-0.2017,0.4102,-6.6438,loss_of_function,-0.825184201840687,0.900532352286348,0.9971,pathogenic,https://doi.org/10.1101/2022.10.22.513328,I,100,NP_001287910:p.Met100Ile,"hg19,7:g.44839411G>T, hg38,7:g.44799812G>T",,,0.57,"cBioPortal,COSMIC,saturation",1.85829,0.4823133333333333,Neutral,2.538,2.666,,False,2.538,,neutral,neutral,neutral,uncertain,-0.2017,0.4102,-6.6438,loss_of_function,-0.825184201840687,0.900532352286348,0.9971,pathogenic,https://doi.org/10.1101/2022.10.22.513328,I,100
PPIA,A103T,NP_001287910:p.Ala103Thr,"hg19,7:g.44839418G>A",,,0.395,"cBioPortal,saturation",0.87237,1.39297,Neutral,21.397,23.074,,False,21.397,,neutral,neutral,neutral,uncertain,-0.1914,0.4368,-6.6322,loss_of_function,-0.488754369816414,0.9299710008550176,0.87,pathogenic,https://doi.org/10.1101/2022.10.22.513328,T,103,NP_001287910:p.Ala103Thr,"hg19,7:g.44839418G>A",,,0.395,"cBioPortal,saturation",0.38631,1.39297,Neutral,21.397,23.074,,False,21.397,,neutral,neutral,neutral,uncertain,-0.1914,0.4368,-6.6322,loss_of_function,-0.488754369816414,0.9299710008550176,0.87,pathogenic,https://doi.org/10.1101/2022.10.22.513328,T,103
PPIA,T107K,NP_001287910:p.Thr107Lys,"hg19,7:g.44839431C>A",,,0.583,"cBioPortal,saturation",-0.26079,0.3185933333333333,Neutral,58.434,24.883,P,False,58.434,1.929,damaging,neutral,uncertain,uncertain,-0.3081,0.2709,-7.9512,loss_of_function,-2.52556163550307,0.751744079253319,0.9504,pathogenic,https://doi.org/10.1101/2022.10.22.513328,K,107,NP_001287910:p.Thr107Lys,"hg19,7:g.44839431C>A",,,0.583,"cBioPortal,saturation",-0.18257,0.3185933333333333,Neutral,58.434,24.883,P,False,58.434,1.929,damaging,neutral,uncertain,uncertain,-0.3081,0.2709,-7.9512,loss_of_function,-2.52556163550307,0.751744079253319,0.9504,pathogenic,https://doi.org/10.1101/2022.10.22.513328,K,107
PPIA,Q111L,NP_001287910:p.Gln111Leu,"hg38,7:g.44799844A>T",,,0.728,"COSMIC,saturation",-0.63452,-0.5808433333333333,Neutral,8.223,9.015,,True,8.223,,neutral,neutral,neutral,uncertain,-0.2102,0.3876,-7.9366,loss_of_function,-3.29488094261457,0.6844262656608726,0.9671,pathogenic,https://doi.org/10.1101/2022.10.22.513328,L,111,NP_001287910:p.Gln111Leu,"hg38,7:g.44799844A>T",,,0.728,"COSMIC,saturation",-0.81796,-0.5808433333333333,Neutral,8.223,9.015,,True,8.223,,neutral,neutral,neutral,uncertain,-0.2102,0.3876,-7.9366,loss_of_function,-3.29488094261457,0.6844262656608726,0.9671,pathogenic,https://doi.org/10.1101/2022.10.22.513328,L,111
PPIA,T116A,NP_001287910:p.Thr116Ala,"hg19,7:g.44839457A>G, hg38,7:g.44799858A>G",,,0.569,"cBioPortal,COSMIC,saturation",0.14774,1.1463733333333332,Neutral,2.997,2.325,P,False,2.997,7.258,uncertain,damaging,uncertain,neutral,-0.2017,0.3877,-5.4948,loss_of_function,-0.492626859370933,0.9296321460679872,0.4756,ambiguous,https://doi.org/10.1101/2022.10.22.513328,A,116,NP_001287910:p.Thr116Ala,"hg19,7:g.44839457A>G, hg38,7:g.44799858A>G",,,0.569,"cBioPortal,COSMIC,saturation",-0.01215,1.1463733333333332,Neutral,2.997,2.325,P,False,2.997,7.258,uncertain,damaging,uncertain,neutral,-0.2017,0.3877,-5.4948,loss_of_function,-0.492626859370933,0.9296321460679872,0.4756,ambiguous,https://doi.org/10.1101/2022.10.22.513328,A,116
PPIA,L122F,NP_001287910:p.Leu122Phe,"hg38,7:g.44801290G>T",,,0.47,"COSMIC,saturation",0.3536,1.4689333333333334,Neutral,13.995,4.759,,True,13.995,,neutral,neutral,neutral,uncertain,-0.274,0.1217,-8.9541,loss_of_function,-3.26272790077404,0.6872397560504193,0.9959,pathogenic,https://doi.org/10.1101/2022.10.22.513328,F,122,NP_001287910:p.Leu122Phe,"hg38,7:g.44801290G>T",,,0.47,"COSMIC,saturation",0.36722,1.4689333333333334,Neutral,13.995,4.759,,True,13.995,,neutral,neutral,neutral,uncertain,-0.274,0.1217,-8.9541,loss_of_function,-3.26272790077404,0.6872397560504193,0.9959,pathogenic,https://doi.org/10.1101/2022.10.22.513328,F,122
PPIA,E134G,NP_001287910:p.Glu134Gly,"hg19,7:g.44840924A>G, hg38,7:g.44801325A>G",,,0.256,"cBioPortal,COSMIC,saturation",0.83991,1.08821,Neutral,89.571,5.881,,False,89.571,,neutral,neutral,neutral,uncertain,-0.1948,0.7818,-6.6264,loss_of_function,-0.589047143103656,0.9211950736757438,0.2154,benign,https://doi.org/10.1101/2022.10.22.513328,G,134,NP_001287910:p.Glu134Gly,"hg19,7:g.44840924A>G, hg38,7:g.44801325A>G",,,0.256,"cBioPortal,COSMIC,saturation",0.89489,1.08821,Neutral,89.571,5.881,,False,89.571,,neutral,neutral,neutral,uncertain,-0.1948,0.7818,-6.6264,loss_of_function,-0.589047143103656,0.9211950736757438,0.2154,benign,https://doi.org/10.1101/2022.10.22.513328,G,134
PPIA,E134K,NP_001287910:p.Glu134Lys,"hg38,7:g.44801324G>A",,,0.276,"COSMIC,saturation",-0.26974,0.3290266666666666,Neutral,89.571,5.881,,False,89.571,,neutral,neutral,neutral,uncertain,-0.1897,0.7818,-6.3634,loss_of_function,-0.479035301160087,0.9308214493567658,0.4209,ambiguous,https://doi.org/10.1101/2022.10.22.513328,K,134,NP_001287910:p.Glu134Lys,"hg38,7:g.44801324G>A",,,0.276,"COSMIC,saturation",-0.04776,0.3290266666666666,Neutral,89.571,5.881,,False,89.571,,neutral,neutral,neutral,uncertain,-0.1897,0.7818,-6.3634,loss_of_function,-0.479035301160087,0.9308214493567658,0.4209,ambiguous,https://doi.org/10.1101/2022.10.22.513328,K,134
PPIA,E134Q,NP_001287910:p.Glu134Gln,"hg19,7:g.44840923G>C",,,0.173,"cBioPortal,saturation",-0.03475,-0.83628,Neutral,89.571,5.881,,False,89.571,,neutral,neutral,neutral,uncertain,-0.1415,0.7818,-6.6264,loss_of_function,-0.316000893514764,0.9450874631712768,0.243,benign,https://doi.org/10.1101/2022.10.22.513328,Q,134,NP_001287910:p.Glu134Gln,"hg19,7:g.44840923G>C",,,0.173,"cBioPortal,saturation",0.03338,-0.83628,Neutral,89.571,5.881,,False,89.571,,neutral,neutral,neutral,uncertain,-0.1415,0.7818,-6.6264,loss_of_function,-0.316000893514764,0.9450874631712768,0.243,benign,https://doi.org/10.1101/2022.10.22.513328,Q,134
PPIA,M136V,NP_001287910:p.Met136Val,"hg19,7:g.44840929A>G",,,0.24,"cBioPortal,saturation",1.85128,0.6371866666666667,Neutral,39.881,10.401,,False,39.881,,neutral,neutral,neutral,damaging,-0.1923,0.8128,-5.7755,loss_of_function,-0.416850043085177,0.9362628513501754,0.2212,benign,https://doi.org/10.1101/2022.10.22.513328,V,136,NP_001287910:p.Met136Val,"hg19,7:g.44840929A>G",,,0.24,"cBioPortal,saturation",1.99327,0.6371866666666667,Neutral,39.881,10.401,,False,39.881,,neutral,neutral,neutral,damaging,-0.1923,0.8128,-5.7755,loss_of_function,-0.416850043085177,0.9362628513501754,0.2212,benign,https://doi.org/10.1101/2022.10.22.513328,V,136
PPIA,M142R,NP_001287910:p.Met142Arg,"hg38,7:g.44801349T>G",,,0.522,"COSMIC,saturation",4.46412,3.6473933333333335,Destabilizing,0.05,0.135,,False,0.05,,neutral,neutral,neutral,damaging,-0.2824,1.4478,-7.3575,loss_of_function,-2.68425677435897,0.7378577648494345,0.982,pathogenic,https://doi.org/10.1101/2022.10.22.513328,R,142,NP_001287910:p.Met142Arg,"hg38,7:g.44801349T>G",,,0.522,"COSMIC,saturation",3.8974,3.6473933333333335,Destabilizing,0.05,0.135,,False,0.05,,neutral,neutral,neutral,damaging,-0.2824,1.4478,-7.3575,loss_of_function,-2.68425677435897,0.7378577648494345,0.982,pathogenic,https://doi.org/10.1101/2022.10.22.513328,R,142
PPIA,E143D,NP_001287910:p.Glu143Asp,"hg38,7:g.44801353G>T",,,0.201,"COSMIC,saturation",1.68345,1.6140566666666665,Neutral,25.267,4.48,,False,25.267,,neutral,neutral,neutral,uncertain,-0.1797,0.3661,-7.9366,loss_of_function,-0.507362883558022,0.9283426984743152,0.7429,pathogenic,https://doi.org/10.1101/2022.10.22.513328,D,143,NP_001287910:p.Glu143Asp,"hg38,7:g.44801353G>T",,,0.201,"COSMIC,saturation",1.44486,1.6140566666666665,Neutral,25.267,4.48,,False,25.267,,neutral,neutral,neutral,uncertain,-0.1797,0.3661,-7.9366,loss_of_function,-0.507362883558022,0.9283426984743152,0.7429,pathogenic,https://doi.org/10.1101/2022.10.22.513328,D,143
PPIA,E143Q,NP_001287910:p.Glu143Gln,"hg19,7:g.44840950G>C",,,0.349,"cBioPortal,saturation",0.51792,0.2427433333333333,Neutral,25.267,4.48,,False,25.267,,neutral,neutral,neutral,uncertain,-0.1865,0.3661,-7.9366,loss_of_function,-0.587177465047143,0.9213586762757602,0.6769,pathogenic,https://doi.org/10.1101/2022.10.22.513328,Q,143,NP_001287910:p.Glu143Gln,"hg19,7:g.44840950G>C",,,0.349,"cBioPortal,saturation",0.38628,0.2427433333333333,Neutral,25.267,4.48,,False,25.267,,neutral,neutral,neutral,uncertain,-0.1865,0.3661,-7.9366,loss_of_function,-0.587177465047143,0.9213586762757602,0.6769,pathogenic,https://doi.org/10.1101/2022.10.22.513328,Q,143
PPIA,R144C,NP_001287910:p.Arg144Cys,"hg19,7:g.44840953C>T, hg38,7:g.44801354C>T",,,0.103,"cBioPortal,COSMIC,saturation",0.77536,0.54535,Neutral,77.296,7.431,,False,77.296,,neutral,neutral,neutral,uncertain,-0.0713,2.7659,-4.0297,loss_of_function,0.0238356021023146,0.9748242053177274,0.1569,benign,https://doi.org/10.1101/2022.10.22.513328,C,144,NP_001287910:p.Arg144Cys,"hg19,7:g.44840953C>T, hg38,7:g.44801354C>T",,,0.103,"cBioPortal,COSMIC,saturation",0.95108,0.54535,Neutral,77.296,7.431,,False,77.296,,neutral,neutral,neutral,uncertain,-0.0713,2.7659,-4.0297,loss_of_function,0.0238356021023146,0.9748242053177274,0.1569,benign,https://doi.org/10.1101/2022.10.22.513328,C,144
PPIA,R144H,NP_001287910:p.Arg144His,"hg38,7:g.44801355G>A",,8.0878665826e-06,0.041,"COSMIC,saturation",0.75932,0.63787,Neutral,77.296,7.431,,False,77.296,,neutral,neutral,neutral,uncertain,-0.0277,2.7659,-3.1553,loss_of_function,-0.387942444814864,0.9387923554114638,0.1043,benign,https://doi.org/10.1101/2022.10.22.513328,H,144,NP_001287910:p.Arg144His,"hg38,7:g.44801355G>A",,8.0878665826e-06,0.041,"COSMIC,saturation",0.69738,0.63787,Neutral,77.296,7.431,,False,77.296,,neutral,neutral,neutral,uncertain,-0.0277,2.7659,-3.1553,loss_of_function,-0.387942444814864,0.9387923554114638,0.1043,benign,https://doi.org/10.1101/2022.10.22.513328,H,144
PPIA,F145Y,NP_001287910:p.Phe145Tyr,"hg19,7:g.44840957T>A, hg38,7:g.44801358T>A",,,0.119,"cBioPortal,COSMIC,saturation",0.4359,-0.1603166666666666,Neutral,25.626,7.922,,False,25.626,,neutral,neutral,neutral,uncertain,-0.0834,1.7342,-3.003,loss_of_function,-0.0956836707041927,0.9643659000950208,0.1335,benign,https://doi.org/10.1101/2022.10.22.513328,Y,145,NP_001287910:p.Phe145Tyr,"hg19,7:g.44840957T>A, hg38,7:g.44801358T>A",,,0.119,"cBioPortal,COSMIC,saturation",0.40611,-0.1603166666666666,Neutral,25.626,7.922,,False,25.626,,neutral,neutral,neutral,uncertain,-0.0834,1.7342,-3.003,loss_of_function,-0.0956836707041927,0.9643659000950208,0.1335,benign,https://doi.org/10.1101/2022.10.22.513328,Y,145
PPIA,N149T,NP_001287910:p.Asn149Thr,"hg19,7:g.44840969A>C, hg38,7:g.44801370A>C",,,0.076,"cBioPortal,COSMIC,saturation",0.3451,-0.0191599999999999,Neutral,96.905,13.394,,True,96.905,,neutral,neutral,neutral,uncertain,-0.1213,1.5633,-5.9337,loss_of_function,-0.213940853453796,0.9540180316472688,0.1793,benign,https://doi.org/10.1101/2022.10.22.513328,T,149,NP_001287910:p.Asn149Thr,"hg19,7:g.44840969A>C, hg38,7:g.44801370A>C",,,0.076,"cBioPortal,COSMIC,saturation",0.18119,-0.0191599999999999,Neutral,96.905,13.394,,True,96.905,,neutral,neutral,neutral,uncertain,-0.1213,1.5633,-5.9337,loss_of_function,-0.213940853453796,0.9540180316472688,0.1793,benign,https://doi.org/10.1101/2022.10.22.513328,T,149
PPIA,K155Q,NP_001287910:p.Lys155Gln,"hg19,7:g.44840986A>C, hg38,7:g.44801387A>C",,,0.185,"cBioPortal,COSMIC,saturation",0.32439,0.0304966666666666,Neutral,75.863,9.772,,True,75.863,,neutral,neutral,neutral,uncertain,-0.1819,0.6934,-7.3309,loss_of_function,0.122914699044287,0.983493932071226,0.1842,benign,https://doi.org/10.1101/2022.10.22.513328,Q,155,NP_001287910:p.Lys155Gln,"hg19,7:g.44840986A>C, hg38,7:g.44801387A>C",,,0.185,"cBioPortal,COSMIC,saturation",0.15378,0.0304966666666666,Neutral,75.863,9.772,,True,75.863,,neutral,neutral,neutral,uncertain,-0.1819,0.6934,-7.3309,loss_of_function,0.122914699044287,0.983493932071226,0.1842,benign,https://doi.org/10.1101/2022.10.22.513328,Q,155
PPIA,G162V,NP_001287910:p.Gly162Val,"hg19,7:g.44841008G>T",,,0.629,"cBioPortal,saturation",5.95414,3.47279,Destabilizing,26.329,10.174,,False,26.329,,neutral,neutral,neutral,neutral,-0.3831,0.2089,-8.8916,loss_of_function,-2.16129431954749,0.7836185935761012,0.9645,pathogenic,https://doi.org/10.1101/2022.10.22.513328,V,162,NP_001287910:p.Gly162Val,"hg19,7:g.44841008G>T",,,0.629,"cBioPortal,saturation",6.43569,3.47279,Destabilizing,26.329,10.174,,False,26.329,,neutral,neutral,neutral,neutral,-0.3831,0.2089,-8.8916,loss_of_function,-2.16129431954749,0.7836185935761012,0.9645,pathogenic,https://doi.org/10.1101/2022.10.22.513328,V,162
